RegionName,2/29/08,3/31/08,4/30/08,5/31/08,6/30/08,7/31/08,8/31/08,9/30/08,10/31/08,11/30/08,12/31/08,1/31/09,2/28/09,3/31/09,4/30/09,5/31/09,6/30/09,7/31/09,8/31/09,9/30/09,10/31/09,11/30/09,12/31/09,1/31/10,2/28/10,3/31/10,4/30/10,5/31/10,6/30/10,7/31/10,8/31/10,9/30/10,10/31/10,11/30/10,12/31/10,1/31/11,2/28/11,3/31/11,4/30/11,5/31/11,6/30/11,7/31/11,8/31/11,9/30/11,10/31/11,11/30/11,12/31/11,1/31/12,2/29/12,3/31/12,4/30/12,5/31/12,6/30/12,7/31/12,8/31/12,9/30/12,10/31/12,11/30/12,12/31/12,1/31/13,2/28/13,3/31/13,4/30/13,5/31/13,6/30/13,7/31/13,8/31/13,9/30/13,10/31/13,11/30/13,12/31/13,1/31/14,2/28/14,3/31/14,4/30/14,5/31/14,6/30/14,7/31/14,8/31/14,9/30/14,10/31/14,11/30/14,12/31/14,1/31/15,2/28/15,3/31/15,4/30/15,5/31/15,6/30/15,7/31/15,8/31/15,9/30/15,10/31/15,11/30/15,12/31/15,1/31/16,2/29/16,3/31/16,4/30/16,5/31/16,6/30/16,7/31/16,8/31/16,9/30/16,10/31/16,11/30/16,12/31/16,1/31/17,2/28/17,3/31/17,4/30/17,5/31/17,6/30/17,7/31/17,8/31/17,9/30/17,10/31/17,11/30/17,12/31/17,1/31/18,2/28/18,3/31/18,4/30/18,5/31/18,6/30/18,7/31/18,8/31/18,9/30/18,10/31/18,11/30/18,12/31/18,1/31/19,2/28/19,3/31/19,4/30/19,5/31/19,6/30/19,7/31/19,8/31/19,9/30/19,10/31/19,11/30/19,12/31/19,1/31/20,2/29/20,3/31/20,4/30/20,5/31/20,6/30/20,7/31/20,8/31/20,9/30/20,10/31/20,11/30/20,12/31/20,1/31/21,2/28/21,3/31/21,4/30/21,5/31/21,6/30/21,7/31/21,8/31/21,9/30/21,10/31/21,11/30/21,12/31/21,1/31/22
United States,185099,219079,241110,259949,275074,279766,256227,236304,227892,161762,179523,121643,127402,170512,182287,202761,252593,266694,247903,243666,253464,244834,234099,147016,147927,231754,248973,268499,311846,223349,212072,218523,190234,182036,200344,151288,144853,204467,208523,229784,262762,238008,260447,227712,210601,203406,218821,171358,178708,231324,242391,286804,300597,289139,310627,251326,283303,255748,258684,215527,207463,268449,307756,353805,353442,381752,376411,321488,323377,273601,285170,220588,210139,265384,304634,343452,373731,385357,360934,338506,347130,269056,316058,224075,225837,318603,344291,375464,448180,444502,405605,386382,365002,285543,349979,252421,264078,351569,373445,424124,487804,431723,462043,415604,382007,361888,377260,286980,275070,395967,382038,468860,514892,444471,480037,407440,409857,375047,375722,294334,279902,386581,409815,475738,501228,475120,490278,388746,419331,367227,345980,274560,285085,365797,410019,478141,464954,483866,474953,411328,428612,365176,390054,304939,299163,382369,338286,325480,441189,521621,503797,504474,514734,442821,481411,345570,332199,449635,463540,464142,539662,498427,489178,447145,420659,402778,407568,267873
"New York, NY",8096,8797,9518,9797,10293,12727,11662,10969,9956,7879,8367,6120,5005,5924,6071,6991,8010,9947,10678,10594,10159,12325,11184,8081,6320,,,,,,,,,7651,7801,7258,6737,7749,7516,8130,9491,10050,10484,9440,8216,7386,8209,7553,6510,7198,7475,8841,9703,10797,11242,9878,9407,8074,9353,9428,7603,8536,9297,11642,11983,14722,15392,14622,13719,11097,11933,10446,7882,8940,9287,11077,11783,14146,13812,13011,13069,10302,12498,9793,8731,9962,10022,10993,13720,15846,16265,15065,14228,12186,13557,11388,10777,12237,11585,12372,15997,15937,18117,16892,15217,14558,15986,14745,12131,13931,13437,15627,18391,17330,20802,18051,17186,15137,15671,14385,11839,12699,13892,15819,17243,18989,20556,16083,17399,15160,15006,14031,11243,12587,13527,15423,16412,18939,18981,16709,17012,14968,16056,14895,12633,13007,9974,10475,12834,15353,17337,18617,21538,19324,22416,18214,15753,19729,17864,17243,22149,21380,21096,18527,18693,16629,18380,15923
"Los Angeles-Long Beach-Anaheim, CA",3588,4350,5163,5657,5791,6452,6125,5793,5884,4329,4807,3222,3427,4847,5256,5773,7164,7661,6892,7148,7413,6506,7780,5132,5045,7268,7184,8327,8889,7068,6749,6830,6129,6007,6962,5051,4875,6933,6683,6710,7559,6743,7181,6769,6126,6221,6952,5238,5664,7541,7470,8552,8883,8376,9703,7834,9076,8498,9145,6615,6695,8868,9207,10420,9661,10390,10607,8657,9084,7800,8500,6435,6205,7975,8943,9260,9344,9470,9165,8462,9023,7161,8536,6001,6160,9041,9808,9874,11097,11039,9664,9438,9097,6939,9583,6688,6688,8992,9606,10155,11087,10029,10584,9842,9219,9010,9495,7041,6640,9977,9063,10810,11903,9759,11222,9810,9397,8805,9140,6745,6629,9736,9246,10244,10636,9729,10268,7711,8607,7635,7269,5498,5827,7926,8897,9855,9447,9764,9914,8811,9386,8170,8803,6660,6660,8016,5875,4827,7051,9522,9670,10304,10718,9155,10449,7566,7391,10567,11212,10267,11387,10453,9985,9646,9367,8774,8623,6332
"Chicago, IL",4870,5856,6575,6641,7735,8075,7453,6847,6215,3933,4264,2850,2464,3543,3934,4444,5799,6651,6653,6230,6564,6002,6234,3911,3165,4939,5887,6663,8281,6132,5323,4575,4450,3946,4445,3612,3004,4311,4485,5303,6651,5960,6775,5324,5135,4997,5443,4499,4084,5315,5617,7189,8111,7366,8258,6403,7437,6190,5977,5789,4607,5908,7623,9148,9474,11172,11024,9183,9888,7809,7823,6354,5377,6661,8551,9613,11593,12294,10553,10817,10753,7661,8797,6143,5687,7945,9436,10666,14542,13376,13284,11999,11055,7591,9382,7197,6820,9359,10744,12368,15684,13801,14603,11757,10625,9613,9461,7780,6469,10330,10982,13818,15587,12847,13943,10960,10554,9435,8893,7482,6123,10231,12271,14733,16732,15042,14466,11604,11864,10531,9134,6798,6886,9337,11125,13323,14236,13826,13234,11055,10689,9251,9294,7381,6973,9008,9526,8729,11091,14488,14610,14820,18404,15385,14233,11828,10533,12832,14610,14017,16928,,16885,16004,13794,11320,10595,7482
"Dallas-Fort Worth, TX",5039,6102,6869,7115,7304,7697,6934,6197,5855,3956,4740,3284,3760,5039,5201,5441,6607,6905,6105,5776,5864,5688,5363,3142,3605,5970,6576,6871,7214,5232,5091,4593,4288,4312,4610,3311,3331,5112,5185,6103,6561,5773,6598,5251,4876,4584,5038,3733,4391,5820,5635,7406,7472,7362,7802,5699,6432,5495,5867,4787,4862,6962,8473,8783,8591,9517,9226,7369,7134,5929,6508,4674,5265,6779,7787,8525,9471,9380,8833,7772,7799,5997,7154,4708,5036,7728,7759,8751,10158,10078,9559,8597,7709,6173,8334,5416,6371,8619,8436,9355,10267,9452,10345,9143,7985,7737,8414,5828,6437,9110,8643,10499,10992,10144,10257,8658,8465,8079,8554,6252,6466,8694,8898,10240,10141,10219,10098,7841,8199,7194,7482,5268,6345,8327,9105,10366,9442,10501,10165,8716,8687,7327,8705,6226,7080,8798,7581,7450,10773,12710,11513,10508,10023,8817,10097,6547,6216,8729,9354,9549,10760,10072,10117,9662,9157,8686,8667,7136
"Philadelphia, PA",3754,4608,5512,5418,6059,6882,5973,5579,5088,4080,4384,3126,2585,3413,3841,3990,5254,6135,5911,5594,5470,5657,6000,3086,2505,4162,4660,5528,7239,5603,4177,3882,3665,3419,3969,3059,2580,3557,3504,4102,4950,4516,5117,4004,4016,3599,4020,3398,3019,3707,3850,5276,5310,5658,6012,4068,4917,4723,4588,4423,3313,4107,5059,5969,6345,7331,6615,5629,5746,4668,5248,3861,3065,3821,4530,5333,6877,6515,6290,5843,5652,4757,5766,4055,3566,4881,5380,6147,8134,8769,7290,6698,6675,5106,6382,4702,4476,5309,5887,7455,9100,7901,8143,7034,6584,6495,6564,5221,4280,6370,6422,8352,9464,8584,8924,7203,7143,7019,6830,5714,4138,5725,6639,8407,9277,9119,9018,7406,7869,6972,6604,5474,4836,6177,6994,8527,9090,9243,9023,7615,7841,6588,7409,6247,5070,6655,5910,5257,6546,9159,9695,9434,9907,8869,9399,7546,6493,7855,8204,8490,11107,10571,11251,10352,9447,8997,13251,8788
"Houston, TX",4303,5374,5653,5965,6437,6526,5778,3860,4658,3409,4482,3067,3346,4387,4264,4587,5555,5993,5126,4799,4984,4784,4938,2587,3105,4970,5219,5761,6174,4606,4388,3845,3394,3327,3604,2915,2890,4422,4484,5214,5713,5100,5478,4306,3817,3615,4326,3137,3304,4731,4642,5931,5917,6203,5269,4020,5143,5277,4629,4107,4288,5509,6456,7349,6669,7494,7495,6273,6026,4786,5573,,,,,,,7786,6718,7339,6932,5422,6754,4564,4636,6253,6165,6574,7872,7925,6301,7169,6308,4855,6739,4421,4970,6989,6567,7738,8510,7652,8532,6866,6231,6140,6979,4599,5625,7487,6821,8382,8768,7754,6747,6951,6859,6503,7183,5159,5697,6984,7567,8740,8882,8588,8530,6724,7118,6063,6649,4483,5123,6982,7623,8935,8323,9086,8551,7326,7498,6494,7794,5108,5935,7792,6356,6296,9144,10712,9174,9170,9038,8215,9880,6342,5919,9355,9525,9813,10849,10228,10213,9368,8711,8377,8923,6882
"Washington, DC",3797,4571,4905,5318,6372,5841,5400,5255,5357,3937,4773,2639,2968,4494,4839,5245,7525,5999,6628,6257,5929,6010,5952,4413,3645,5805,6020,7147,8204,5386,6750,5389,4900,4736,5244,3907,3391,4975,4950,5729,7123,5793,6135,5168,4759,4543,5032,4059,3850,5087,5373,6908,7598,6616,7600,5007,5898,6395,5616,5357,4532,5870,6885,8311,9351,8123,8346,6771,7018,5710,6584,4628,4441,5849,6603,7049,8733,7995,7416,6662,6702,5560,6992,4665,4529,6310,7092,7927,10302,9250,8485,7277,7242,5839,8107,4721,5442,7015,7573,9319,11053,9104,9540,7921,7489,7475,7963,6150,5977,8223,8501,10426,11833,9276,9501,8315,8300,7623,7681,6282,5731,7827,8247,10288,11544,10072,9998,7635,8410,7554,7543,6613,5774,7883,9176,10678,10782,10172,9820,8066,9226,7494,8336,6885,6389,8558,8218,7816,9934,10863,10410,10518,10800,9456,9910,7733,7884,10037,11100,11464,13042,11296,11031,9431,9712,9957,9672,6640
"Miami-Fort Lauderdale, FL",4007,4412,4945,4905,4860,4651,3922,3918,3898,2975,3853,2905,2818,3813,3914,4079,4866,4916,4725,4858,5499,4924,6024,4520,4130,6128,6166,5769,6482,5816,5023,4710,4828,4650,5844,4621,4626,6510,6864,6742,6932,5960,6459,6018,5217,5684,6491,5326,5231,6933,7304,7753,7314,6834,7084,6286,6954,6208,7164,6491,6251,7812,8726,8721,8607,8929,8146,7275,7761,6303,7628,6074,5668,7329,8369,8293,8084,8151,7401,7323,7935,6407,8269,5866,5932,8265,8812,8495,9481,9533,8306,8357,7846,6652,8809,6117,6608,8714,8932,9279,10013,9122,9191,8420,7852,7693,9088,6736,6874,9763,9251,10416,10569,9029,9936,6094,8566,7707,8701,7419,6832,10055,10332,10344,10866,10107,9795,8022,8874,8026,8030,6559,6574,8941,9832,10940,9546,10523,9314,8298,8676,7370,8988,7872,6365,9468,7278,5312,7176,9393,9765,9779,10708,9120,11682,9186,8992,12705,13149,12764,13979,12512,11758,9965,9494,9713,11742,8435
"Atlanta, GA",5123,5656,6182,5942,6441,6622,6069,5329,5874,3573,4214,3041,2776,3824,3919,3834,4857,5420,4950,4782,5109,4736,5267,3263,3158,4556,4985,5280,6255,5064,4260,4054,4008,3595,3878,3187,2984,4768,4239,4966,5831,6419,5362,4531,4119,3874,3897,3663,3737,4678,4542,5326,5774,5325,5794,4720,5209,4931,4577,4505,4506,5737,6079,7190,7076,7615,7455,6304,6368,5560,5629,4886,4951,6204,6819,8064,8460,8301,7968,7349,7504,6021,6967,5452,5749,8100,8759,9453,10389,10319,9390,8736,7978,6588,8204,6261,7193,9656,10271,12179,13211,12171,12557,11318,10365,9697,10838,7327,8099,12507,11041,13397,14073,12000,12491,11005,10421,9619,10521,7210,8510,11885,11778,13510,13457,12682,12485,10547,10450,9722,9580,6965,8506,11119,11670,13340,12420,12536,12126,10539,10601,9317,10668,7258,8824,10614,9179,8917,12291,13394,12579,12234,12260,10458,11692,8018,8797,12210,12147,12028,13554,12557,12001,9946,9611,8980,8593,6547
"Boston, MA",1926,2229,2814,3396,4318,4056,3963,2985,3058,2184,2330,1457,1358,1903,2168,2881,3875,4510,4284,3272,3597,3688,3131,1886,1774,2714,3511,3874,5205,3129,3271,2716,2505,2493,3025,1996,1637,2479,2818,3415,4690,4052,4301,3304,2799,2960,3197,2152,2058,2895,3395,4243,5582,5054,5659,3512,3856,4161,4003,2756,2273,3146,3875,5361,6403,6916,6676,4824,4643,4274,4352,3002,2312,3161,3886,5270,6624,6647,6148,4867,4864,3918,4544,2973,2334,3130,3585,4905,7389,7818,6882,5611,5319,4413,5324,3642,2876,3939,4523,5730,7999,6516,7453,5934,5205,5168,5267,3979,2887,4422,4309,6056,8288,6768,7284,5557,5453,5369,4971,3806,2825,4178,4644,5919,8091,7210,7648,5148,5344,5453,4503,3368,3091,4103,4728,6361,7135,6968,7107,5342,5600,5245,5575,3947,3193,4299,4325,4235,5556,7305,7334,6774,6875,5869,6634,4146,3171,4667,5294,6098,7919,7058,6769,5864,4811,5467,5422,3778
"San Francisco, CA",1836,2361,2917,3184,3375,3725,3515,3239,3416,2555,2915,1983,2040,2608,2847,3207,3657,3897,3385,3474,3707,3331,3498,2238,2230,3259,3385,4058,4077,3317,3077,3064,3016,2899,3272,2212,2254,3300,3226,3471,3985,3463,3615,3305,3042,3255,3426,2403,2663,3668,3728,4221,4392,4097,4337,3452,4084,3847,3736,2661,2774,3794,4086,4597,4464,4713,4610,3716,4195,3706,3507,2544,2584,3464,4153,4428,4356,4610,4266,3888,4336,3370,3513,2301,2466,3686,4293,4416,5012,4958,4200,4145,4124,3414,4231,2578,2524,3674,4055,4328,4816,4316,4431,4212,4119,4013,3753,2534,2560,4024,3875,4617,5209,4315,4700,4054,4405,4114,3718,2374,2596,4001,4108,4653,4804,4241,4150,3268,3993,3440,2838,2014,2336,3261,3930,4755,4073,4036,3947,3263,4030,3388,3443,2223,2507,3218,2422,2088,3501,4438,4372,4563,4640,4536,4709,3023,3075,4580,5313,4970,5472,4895,4671,4299,4315,4277,3565,2596
"Detroit, MI",2209,2216,2311,2705,2565,2956,2630,2925,2755,2098,1866,1638,1338,1627,1826,2156,2253,2676,2622,2870,2674,3043,3063,2555,2073,2563,2914,3040,3772,3150,2954,3007,2902,2643,2534,2689,2024,2767,2621,2617,3489,3399,3946,3756,3246,3241,2899,2829,2821,3302,2898,3735,3974,4044,4822,4083,4954,4303,3723,3960,3718,4004,4005,4804,5304,5654,5709,5849,5940,4474,3898,4001,3015,3314,3814,4479,5269,5678,5512,5731,5972,4305,4488,4245,3200,3933,4800,4851,6669,6653,5991,6299,6023,4560,4659,4578,4044,4776,5050,5766,7000,6433,7301,6864,5927,5557,5285,5177,4077,5363,5039,6558,7426,6593,7809,6674,6763,6240,5029,5000,3758,4889,5340,6922,6995,7503,7661,6563,6577,5551,4692,4828,3952,4882,5476,6693,6685,6898,7010,6363,6801,5565,4833,5112,4219,4859,3465,3138,5243,7549,8188,8104,8045,6773,6917,6053,5079,5911,6041,6265,8283,6986,7270,7020,6546,7703,6385,4691
"Riverside, CA",2235,2766,2929,3315,3272,3428,3194,3211,3280,2664,3062,2231,2218,2812,3006,3128,3675,3854,3657,3719,3861,3756,4202,3088,3091,4226,4366,4626,5298,3948,3903,3790,3504,3479,3971,2951,3036,4064,3726,3886,4209,3650,4100,3726,3504,3667,4037,3155,3445,4365,4126,4829,4774,4314,5925,4095,4905,4705,4621,4008,3903,4825,5077,5488,5040,5437,5646,4853,5055,4475,4657,3948,3746,4550,5241,5277,5227,5302,4913,4919,5134,4139,4946,3703,3717,5276,5773,5776,6369,6409,5601,5556,5335,4416,5622,4103,4295,5819,5873,6216,6935,6099,6479,6109,5751,5783,6037,4738,4586,6647,6156,7098,7649,6334,7316,6278,6277,5892,6038,4837,4694,6457,6491,7035,6896,6442,6782,5625,6070,5570,5062,4130,4325,5736,6258,6897,6177,6596,6641,5733,6297,5389,5586,4799,4656,5827,4464,4119,5847,7266,7044,7174,7443,6782,7577,5504,5424,7200,6960,6280,7167,6674,6421,6262,6222,5984,6172,5160
"Phoenix, AZ",3812,4403,4747,5007,4679,4739,4306,4340,4054,2759,3512,2416,2630,3520,3852,4343,5103,5308,4633,4972,5388,5227,5235,3755,4149,5820,6231,5846,6656,4702,4487,4402,4129,4252,5022,4078,4403,6336,6205,6485,6872,5855,6033,5715,5392,5625,6206,5141,5969,7372,7145,7396,7218,6481,6799,5844,6733,6285,6461,5634,6162,7732,8133,8758,7616,7727,7309,6606,6559,5503,6381,5045,5546,6889,7727,7750,7447,7096,6685,6551,6470,5253,6727,4922,5883,8322,8706,8650,9250,8564,7644,7690,6984,5855,7793,5616,6386,9178,9218,9563,9890,8450,8860,8352,7991,7844,8430,6939,7424,10761,9886,11211,11010,9090,9506,8626,8559,8323,8441,7118,7933,10804,10286,11435,10687,9763,9581,8168,8607,7869,7841,6411,7724,9693,10823,11633,10463,10380,10046,9299,9324,8347,8876,7179,7992,9683,7875,7626,9968,10746,9561,9803,10277,9277,10268,7468,8044,10505,10400,9506,9987,8643,8455,8613,8206,8321,8727,7387
"Seattle, WA",3005,3559,3635,3743,3887,3605,3277,3226,2830,1790,2033,1281,1520,2013,2201,2597,3481,3473,3148,3218,3492,3322,2653,1693,2000,3164,3424,3542,3896,2460,2560,2449,2356,2189,2697,1734,1791,2617,2638,2841,3327,2967,3345,2959,2686,2695,2738,1985,2353,3116,3438,3978,4277,4155,4571,3694,4142,3834,3792,2859,2997,4162,4679,5381,5293,5906,5691,4800,4759,3896,3989,2819,3164,4085,4756,5304,5695,5821,5416,5069,5175,3993,4422,2962,3469,5095,5953,6184,6957,7178,6307,6016,5526,4336,5307,3429,3906,5696,6123,6870,7877,7247,7649,7003,6327,5927,5651,4337,4294,6105,5741,7392,8115,7273,7853,6866,6663,5992,5692,3955,4491,5984,6331,7352,7773,7074,6860,5519,5791,5194,4814,3591,4307,5124,6172,7053,6996,7032,6834,5647,6030,5133,5482,3724,4227,5453,4499,4491,6216,7193,7038,7467,7607,6091,6262,3918,4280,5885,6738,6627,7736,7319,6802,6340,5734,5238,4363,3237
"Minneapolis-St Paul, MN",2196,2505,2984,3508,3835,4051,3596,3844,3365,2294,2440,1655,1543,2120,2546,2882,3724,4444,4085,4148,4157,3780,3700,2185,1986,2831,3382,3785,4379,3476,2665,2543,2407,2411,2408,2021,1650,2394,2663,3060,3406,3456,3967,3410,3403,3076,3172,2865,2632,3518,3974,4130,4994,5055,5127,4419,5045,4264,4216,3661,3102,3970,4607,5435,5825,6414,6363,5602,5428,4514,4252,3460,2637,3444,4116,5278,6090,6438,6227,5090,5157,4042,4664,3333,2993,4193,5528,6386,7976,7478,7018,6054,5765,4444,4952,3796,3462,4628,5261,6882,8501,7033,7541,6587,5898,5335,5099,3802,3246,4746,5158,7027,8423,7165,7465,6370,6069,5405,4818,3683,3115,4540,5123,6422,7511,7601,7413,6160,6970,5522,4743,3629,3390,4235,4972,6602,7278,7508,7613,6169,6505,5266,5229,4186,3568,4687,5339,5247,6602,7494,7124,7948,8291,6623,6198,4537,4109,4968,5424,5932,7703,7042,7433,6743,6184,5907,5958,3826
"San Diego, CA",1202,1318,1803,1893,1864,2049,1870,1784,1915,1390,1728,1130,1193,1487,1742,1764,2223,2402,2198,2260,2404,2167,2464,1474,1657,2243,2368,,,2217,2217,2257,1979,1894,2278,1495,1537,2156,2301,2176,2464,2184,2350,2241,2006,2075,2446,1667,1917,2445,2671,2888,2890,2900,3281,2688,3025,2790,3150,2202,2287,3113,3222,3610,3407,3707,3570,2940,3067,2642,2645,2022,2214,2591,3188,3223,3266,3107,2956,2980,2980,2360,3002,1971,2324,3088,3686,3439,4092,3865,3395,3208,2956,2445,3265,2130,2362,3266,3647,3679,4041,3591,3827,3519,3306,3128,3095,2232,2397,3458,3326,3839,4040,3451,3752,3230,3313,3026,3052,2390,2465,3171,3448,3699,3724,3428,3616,2723,3006,2822,2535,1833,2223,2851,3383,3508,3240,3566,3425,3044,3128,2838,2978,2294,2498,3035,2421,2066,3197,3898,3741,3916,3860,3539,3736,2436,2683,3429,3822,3655,4005,3861,3632,3535,3138,2982,3030,2566
"St. Louis, MO",1928,2365,2597,2946,3248,3399,2974,2618,2638,1845,2025,1411,1473,1966,2240,2426,3015,3260,2835,2802,3015,3050,2464,1291,1405,2514,2804,3116,3558,2239,2064,2011,1891,1820,1915,1471,1255,1864,2071,2355,2755,2266,2654,2300,2178,2069,2091,1496,1614,2115,2289,2889,2907,2942,3022,2321,2624,2210,2338,1919,1788,2455,2860,3481,3460,3822,3634,3045,2992,2538,2609,1886,1866,2320,2922,3258,3882,3827,3637,3298,3295,2448,3038,1949,2091,3131,3404,3913,4684,4545,3935,3521,3449,2688,3377,2352,2334,3502,3638,4361,5042,4376,4514,3906,3745,3333,3519,2516,2361,3776,3784,4768,5029,4598,4681,3931,3868,3640,3530,2654,2430,3524,3903,4863,5021,4863,4707,3796,4149,3507,3319,2581,2525,3377,3894,4779,4652,4718,4548,3750,3963,3137,3612,2561,2385,3205,3229,3289,4262,4477,7040,4683,4219,4281,5167,3381,2681,4042,3794,4096,5090,4867,4827,4422,4124,3735,3546,2754
"Tampa, FL",2066,2530,2722,2727,2832,2769,2441,2413,2347,1755,2146,1561,1572,2217,2274,2309,2883,2944,2665,2720,3035,2674,3181,2063,2096,3220,3272,3348,3517,2888,2437,2502,2415,2203,2777,2155,2040,2967,3052,2928,3419,2820,3254,2970,2770,2593,3279,2650,2562,3665,3411,3822,3872,3618,3788,3161,3816,3404,3599,3089,2951,3818,4192,4583,4370,4668,4500,4064,4044,3365,4194,2989,3049,3892,4336,4456,4735,4525,4400,4095,4457,3527,4951,3162,3550,5138,5265,5414,5986,5674,5192,5036,4883,4237,5507,3837,4274,5782,5940,6274,6567,5991,6184,5709,5282,5229,5908,4450,4738,6573,6373,7271,7589,6618,6528,4939,5627,5500,6127,4824,4451,6420,6770,7316,7348,6807,6995,5579,5926,5858,5528,4695,5001,6789,7064,7467,7102,7147,6871,5776,6195,5570,6752,4437,5104,7182,5494,4991,6668,7577,7082,6962,7080,6258,7483,5113,5591,7649,7738,6992,7547,6742,6574,6458,6170,6147,6736,5463
"Baltimore, MD",2081,2693,2779,2690,3593,2387,2860,2667,2492,1896,1964,1307,1191,1789,1783,1975,2765,1990,3351,2638,2733,2431,2570,2137,1292,2332,2032,2605,3448,1923,2577,2290,1870,1857,1959,1680,1303,1698,1649,2045,2745,1720,2466,2141,2095,1927,1820,1726,1534,1964,2192,2576,3183,2080,2826,2385,2560,2323,2262,2331,1687,1931,2511,2990,3763,2841,3454,2826,2912,2357,2500,2022,1501,1930,2397,2444,3600,2891,3165,2777,2880,2211,2750,2089,1707,2303,2589,3199,4249,3334,3624,3317,3165,2314,2907,2308,2323,2681,3015,3636,4908,3230,3954,3687,3270,3304,3619,2851,2509,3401,3491,4184,5437,3389,4479,3739,3813,3643,3433,2876,2316,3091,3648,3976,5400,3491,4660,3650,3801,3263,3090,3147,2461,3311,3592,4172,4800,4030,4433,3932,3996,3293,3561,3108,2741,3456,3472,3460,5139,4979,5062,5081,5852,4982,5562,4816,4338,5753,5554,5742,7103,5776,5637,4986,5419,5841,6375,4063
"Denver, CO",2065,2812,3164,3439,3722,4018,3416,3163,3452,2213,2245,1504,1678,2201,2218,2432,3334,3566,3026,2978,3229,3123,2646,1604,1628,2888,3084,3343,3669,2585,2315,2238,2064,2110,2302,1515,1462,2297,2392,2744,3209,2758,3157,2706,2483,2340,2413,1757,1770,2738,2970,3851,4215,4080,4338,3550,3885,3402,3328,2655,2613,3813,4475,5408,5400,6192,5579,4633,4771,3819,3998,2741,2746,3907,4759,5329,5954,6352,5484,5340,5342,3980,4556,2893,2961,4656,5156,5643,6888,6761,5891,5914,5540,4071,5332,3402,3385,4802,5033,5699,6468,5959,6242,5749,5460,5122,5323,3841,3443,5291,5164,6164,6663,5865,6061,5207,5387,5038,4807,3615,3481,5073,5350,6067,6570,6159,5980,4768,5177,4402,4301,3466,3680,4871,5575,6142,6070,6204,5500,5287,5338,4418,5026,3480,3646,4892,4281,3564,5722,7097,6240,6532,6438,5208,5568,3276,3642,5090,5304,5419,6225,5661,5681,5025,4809,5071,4447,3038
"Pittsburgh, PA",1425,1733,1962,2274,2612,2544,2417,2095,2205,1638,1612,1024,897,1331,1586,1827,2256,2505,2355,2224,2402,2422,1932,1194,1034,1762,2243,2401,3008,2257,1932,1952,1813,1608,1793,1428,1126,1681,1702,2041,2432,2246,2360,1985,1854,1752,1788,1383,1280,1783,1908,2467,2644,2700,2686,2033,2388,2011,2175,1502,1411,1741,2252,2692,2576,3040,2938,2480,2488,2094,2234,1567,1284,1784,2157,2451,2865,2958,2835,2458,2688,1902,2439,1450,1477,2109,2207,2746,3123,3289,3039,2770,2765,2058,2539,1639,1648,2175,2508,2911,3488,3011,3133,2718,2636,2504,2487,1869,1574,2403,2514,3090,3428,2885,3122,2790,2830,2635,2553,1871,1551,2394,2710,3183,3595,3518,3613,2799,3010,2621,2521,1874,1765,2371,2671,3247,3191,3355,3332,2799,2777,2566,2590,1863,1795,2386,1965,1487,2078,3845,3737,3477,3409,2903,3050,2179,1852,2585,2726,2718,3375,3160,3144,2830,2682,2652,2618,2230
"Portland, OR",2064,2352,2258,2534,2511,2437,2349,2166,1923,1309,1283,892,1033,1448,1509,1661,2185,2434,2188,2199,2403,2215,1796,1151,1255,2086,2386,2451,2584,1650,1653,1641,1466,1468,1619,1175,1145,1701,1733,1870,2159,2020,2181,1948,1817,1820,1845,1347,1394,1915,2069,2415,2810,2493,2893,2368,2656,2313,2279,1749,1785,2599,2949,3579,3510,3848,3681,3109,3046,2577,2533,2001,2116,2638,3069,3472,3701,3766,3681,3327,3469,2673,3015,2110,2277,3394,3898,4107,4845,4773,4486,4283,3907,3128,3769,2692,2670,3798,3866,4409,4730,4192,4568,4216,3821,3657,3889,2721,2590,3707,3409,4405,4866,4151,4483,3956,3772,3576,3488,2461,2756,3575,3764,4217,4489,4120,4583,3488,3682,3338,2838,2331,2637,3238,3635,4385,4141,4458,4450,3738,3955,3430,3450,2648,2960,3591,3108,3029,4058,5053,4713,4969,4821,4190,4217,2868,3069,3869,4420,4597,5148,5040,4733,4554,4395,4062,3601,2639
"Charlotte, NC",2989,3395,3485,3614,3557,3485,3202,2885,2473,1777,1989,1277,1462,1865,1752,2021,2429,2563,2240,2236,2562,2434,2141,1211,1453,2137,2369,2502,2918,1973,1795,1752,1690,1537,1875,1217,1293,1896,1971,2113,2422,2113,2267,2144,1853,1708,2073,1579,1747,2361,2280,2786,2932,2859,3070,2423,2753,2643,2706,2069,2204,2895,3318,3908,3824,4040,3925,3104,3292,2959,3167,2440,2405,3081,3430,3838,4303,4238,4205,3721,3725,3035,3778,2612,2752,3959,4034,4348,5271,5159,4546,4221,3913,3202,4174,2698,3133,4525,4619,5349,6097,4974,5516,5165,4506,4395,5143,3547,3757,5896,5304,6134,6841,6101,6350,5572,5226,4928,4966,3649,3922,5355,5467,6113,6444,5728,6144,4876,4869,4527,4492,3520,3799,5162,5663,6277,6080,5884,6074,5177,5361,4590,5181,3649,3989,5342,4432,4472,5856,6410,5685,5639,5632,4768,5225,3663,3755,5293,5214,5109,5874,5213,5260,4957,4648,4447,4411,3477
"Sacramento, CA",1075,1343,1504,1686,1885,1893,1852,1851,1722,1337,1459,937,1003,1345,1412,1500,1822,1961,1722,1750,1907,1740,1817,1248,1238,1833,1791,2108,2301,1657,1788,1710,1581,1480,1707,1266,1244,1795,1695,1807,1957,1853,2037,1995,1878,1836,2076,1502,1700,2166,2089,2447,2554,2459,2761,2374,2708,2424,2443,1833,1924,2525,2732,3087,2974,3045,3089,2660,2650,2179,2341,1791,1902,2312,2732,2848,2854,2987,2872,2724,2774,2169,2568,1779,2043,2821,3220,3172,3654,3549,3392,3232,3027,2456,3139,2051,2274,2981,3317,3429,3867,3385,3696,3534,3218,3088,3241,2262,2266,3042,3216,3748,4017,3492,3975,3519,3462,3211,3170,2425,2415,3149,3537,3790,3695,3477,3639,2829,3065,2658,2297,1898,2216,2731,3057,3558,3265,3515,3338,2962,3217,2682,2725,2204,2248,2785,2234,2222,3303,4067,3895,4069,4000,3532,3733,2481,2501,3292,3687,3576,3982,3623,3517,3243,3076,2946,2826,1766
"San Antonio, TX",1325,1602,1588,1711,1866,1842,1599,1567,1476,955,1242,809,961,1281,1307,1467,1898,1955,1665,1542,1557,1527,1470,739,1058,1585,1719,1872,2032,1483,1551,1378,1230,1218,1280,994,1010,1488,1482,1744,1911,1727,1802,1579,1380,1308,1390,1098,1191,1634,1648,1918,1961,1997,2045,1677,1755,1537,1586,1286,1365,1742,2138,2368,2391,2510,2424,2050,1961,1724,1892,1359,1435,1963,2088,2424,2529,2625,2464,2391,2246,1729,2243,1454,1659,2396,2387,2580,3017,3028,2702,2533,2319,1769,2380,1585,1936,2620,2631,2846,3253,2969,3107,2714,2534,2290,2546,1805,1968,2764,2424,3297,3240,3083,3142,2733,2676,2429,2558,1960,2027,2726,2978,3429,3403,3274,3339,2558,2655,2426,2425,1817,2146,2791,3000,3604,3339,3454,3423,2791,2868,2486,2923,2179,2465,3100,2776,2758,3778,4114,3702,3514,3420,2947,3370,2508,2343,3198,3412,3466,3825,3755,3647,3402,3147,2881,3172,2730
"Orlando, FL",1542,1894,1867,1838,1935,2028,1570,1806,1685,1258,1440,1092,1014,1369,1371,1338,1751,1995,1932,1971,1950,1981,2241,1582,1508,2144,1923,2087,2677,2173,1920,1756,1874,1704,1965,1747,1544,2214,2156,2235,2434,2296,2494,2263,2278,2185,2492,1896,2049,2628,2501,2789,2704,2745,2898,2279,2816,2474,2795,2374,2354,2709,3179,3357,3201,3576,3480,3148,3076,2604,3078,2644,2400,2823,3134,3307,3279,3720,3211,3253,3403,2581,3471,2596,2459,3576,3469,3616,4441,4247,4009,3975,3783,3135,3879,3006,3053,4063,4071,4443,5006,4502,4774,4300,3818,3728,4491,3580,3544,4818,4466,5220,5479,4661,4988,3655,4338,3943,4368,3878,3420,4565,4816,5589,5354,5120,5296,4357,4802,3987,4365,3695,3585,4491,5234,5458,4958,5347,5376,4462,4787,3892,4896,3583,3254,4400,3427,3078,4111,4896,4694,4576,4623,4139,4846,3670,3735,5341,5441,5128,5574,5036,4826,4652,4422,4257,4346,4328
"Cincinnati, OH",1185,1502,1747,1758,2099,2058,1886,1677,1726,1164,1201,823,810,1134,1276,1239,1875,2030,1873,1865,1837,1765,1582,927,789,1433,1562,2101,2321,1486,1258,1265,1113,1088,1128,949,858,1152,1281,1328,1611,1548,1654,1407,1348,1266,1299,1079,967,1392,1535,1812,2003,1975,2010,1677,1806,1500,1428,1292,1222,1586,1880,2301,2295,2610,2544,2018,2128,1719,1748,1537,1415,1752,2180,2417,2797,3133,2380,2397,2327,1818,1881,1507,1319,2008,2163,2464,3209,2803,2897,2638,2381,1999,2013,1860,1860,2433,2959,2972,3530,3102,3405,2989,2856,2574,2585,1983,1841,2857,2856,3428,3440,3141,3299,2911,2939,2694,2497,2100,1798,2765,3207,3280,3820,3582,3519,3064,2901,2602,2380,1976,1862,2513,3007,3309,3352,3467,3240,2914,3125,2522,2549,1937,1905,2457,2324,2398,3085,3477,3324,3314,3339,2560,2896,2102,2015,2648,2766,2798,3213,3104,3069,2994,2911,2886,2904,2080
"Cleveland, OH",785,978,1060,1180,1349,1302,1211,1197,1042,755,915,517,534,702,828,959,1162,1191,1055,1075,1132,1168,822,568,570,922,1230,1334,1599,845,1011,953,872,804,852,591,529,844,907,1005,1228,1122,1228,1096,955,895,971,678,695,970,1117,1384,1556,1386,1552,1289,1326,1249,1204,937,831,1245,1370,1766,1885,1911,1902,1504,1692,1463,1506,1028,995,1308,1445,1816,2059,2129,2055,1893,1855,1370,1573,1131,1092,1502,1601,1991,2309,2453,2161,2079,1898,1461,1740,1256,1370,1819,2045,2286,2756,2384,2384,2240,2079,1902,1976,1514,1421,2122,2058,2789,3086,2659,2918,2446,2418,2142,2083,1468,1385,2089,2209,2796,2992,2769,2835,2185,2376,2126,1926,1446,1422,1857,2270,2791,2625,2690,2707,2174,2267,1849,1844,1394,1470,1921,1814,1855,2370,2845,2775,2619,2602,2469,2432,1737,1507,2191,2186,2364,2933,2932,2892,2706,2579,2438,2497,2007
"Kansas City, MO",1710,2098,2235,2739,2510,2540,2378,2260,2002,1422,1595,1113,1234,1776,1759,2032,2660,2627,2306,2216,2400,2320,1835,1052,1194,2020,2363,2651,2694,1635,1703,1631,1544,1514,1604,1149,1160,1667,1818,2029,2268,1948,2226,1930,1716,1661,1785,1305,1454,1981,2226,2443,2576,2589,2687,1961,2243,1920,1987,1636,1504,2202,2415,3006,2947,3239,3027,2544,2500,2021,2119,1526,1509,2188,2417,3031,3218,3209,2877,2551,2633,2011,2286,1532,1743,2574,2899,3399,3881,3800,3192,3025,2783,2071,2583,1784,1906,2894,3209,3684,4275,3559,3594,3278,2944,2680,2804,1901,1927,3032,3105,3876,4188,3685,3630,3044,3153,2907,2788,2088,2026,3026,3073,3889,4150,3870,3828,3038,3199,2815,2412,1870,1983,2625,3061,3873,3931,3933,3826,3149,3247,2725,2924,2113,2104,2865,2962,3040,3829,4406,3794,3886,3879,3176,3519,2288,2109,2607,3086,3359,4108,3737,3754,3504,3259,3062,2923,2476
"Las Vegas, NV",1391,1752,1751,1723,1724,1648,1627,1747,1599,1224,1352,849,919,1195,1164,1233,1672,1650,1646,1791,1996,2154,2218,1597,1667,2421,2460,2476,,2360,2262,2291,2057,2183,2196,1749,1813,2363,2155,2326,2566,2099,2568,2269,2214,2329,2545,2089,2489,2767,2583,2921,2969,2880,3423,3019,3444,3180,3362,2701,2920,3216,3470,3527,3394,3591,3546,3183,3279,2738,2871,2380,2310,2843,3015,3252,3306,3318,3187,3135,3061,2721,3015,2328,2590,3451,3505,3476,3943,4078,3793,3588,3228,2843,3664,2587,2994,3979,3855,5053,,,,,,,,3114,3342,4513,3945,4912,5217,4396,4689,4270,4293,4010,4086,3514,3071,4932,4350,4698,4805,4673,4631,3787,3945,3517,3312,2764,3091,3860,4221,4648,4100,4541,4388,3996,4095,3479,3797,3395,3506,4089,2987,2561,3552,4531,4130,4363,4235,3992,4264,3334,3515,4816,4520,4085,4460,4110,4087,3837,3643,3986,3899,3272
"Columbus, OH",771,867,887,1102,1257,1199,1065,1040,955,649,643,457,458,601,626,747,1107,1146,1114,1133,1195,1239,998,572,515,853,1057,1296,1511,916,838,818,756,732,780,605,503,729,773,901,1074,1065,1174,1097,870,838,900,833,760,1101,1212,1545,1914,1745,1952,1617,1563,1547,1357,1087,1041,1307,1710,1921,2113,2312,2114,1836,1732,1775,1503,1261,1163,1619,1652,2095,2363,2672,2120,2161,2054,1537,1769,1279,1184,1819,1976,2275,2825,2885,2585,2353,2236,1697,2019,1446,1575,2012,2297,2645,3065,2741,3061,2650,2371,2214,2203,1581,1503,2324,2190,2833,3180,2717,3172,2567,2706,2334,2337,1810,1648,2301,2278,2761,2984,3019,2946,2260,2597,2175,2128,1768,1576,2023,2387,2906,2839,2991,2909,2536,2591,2167,2258,1696,1661,2018,1922,2299,2641,2912,2747,2896,3031,2337,2480,1826,1641,2136,2248,2342,2807,,2845,2515,2869,2200,2145,1607
"Indianapolis, IN",1402,1680,2032,2060,2432,2398,2111,2058,2083,1336,1840,1024,1112,1496,1617,1818,2330,2403,2125,2135,2160,1923,2396,932,1102,1700,1939,2178,2770,1868,1840,1618,1463,1362,1842,1012,1012,1567,1731,1959,2262,2080,2279,2029,1716,1625,1853,1272,1262,1686,2029,2276,2723,2366,2707,2167,2558,2048,2125,1737,1868,2228,2746,3364,3271,3367,3287,2577,2621,2186,2226,1608,1689,2057,2518,2967,3284,3434,2950,2712,2846,2066,2668,1606,1657,2372,2680,2996,3615,3795,3220,3066,2657,2322,3027,1734,1883,2666,2933,3522,3940,3703,3726,3438,2966,2723,2834,1967,1921,3126,3115,3613,4263,3529,3682,3215,3131,2952,3034,2038,2042,2753,3215,3783,3812,3872,3972,3325,3353,2821,2815,1925,2107,2807,3131,3787,3673,3943,3781,3337,3495,2906,3393,2213,2280,3187,3027,2877,3641,4320,3909,4008,3935,3516,3902,2177,2116,2882,2873,3129,3494,3721,3470,3556,3127,3117,3568,2620
"San Jose, CA",721,924,1002,1176,1246,1237,1266,1123,1030,734,780,558,565,708,875,1050,1385,1483,1223,1374,1400,1272,1380,821,833,1246,1361,,1600,1320,1288,1178,1101,1175,1262,808,861,1308,1387,1373,1506,1321,1414,1281,1181,1183,1259,902,1012,1422,1513,1774,1666,1526,1606,1396,1512,1515,1586,907,1041,1439,1616,1757,1632,1807,1768,1577,1599,1307,1337,918,1013,1332,1682,1723,1687,1653,1543,1507,1597,1302,1363,882,980,1470,1766,1700,1918,1852,1652,1555,1491,1235,1557,980,911,1359,1647,1695,1804,1452,1508,1555,1505,1477,1354,904,955,1443,1483,1852,1961,1663,1738,1591,1518,1408,1382,894,986,1479,1555,1726,1553,1395,1477,1177,1277,1188,954,709,825,1276,1389,1557,1342,1338,1352,1118,1279,1230,1200,781,905,1082,868,706,1224,1501,1421,1529,1698,1595,1526,1093,1221,1705,2129,1925,2115,1854,1778,1735,1656,1619,1330,1236
"Austin, TX",1401,1847,1953,2107,2198,2226,1946,1636,1495,1017,1321,766,1005,1384,1486,1791,1962,2178,1841,1763,1775,1654,1527,812,1025,1834,2029,2170,2191,1505,1592,1278,1223,1289,1482,999,1041,1620,1692,2089,2157,2003,2158,1680,1454,1404,1664,1109,1272,1875,2019,2506,2646,2550,2471,1946,2173,1741,1933,1504,1600,2273,2708,2952,2882,3256,3194,2442,2346,1917,2230,1391,1748,2278,2479,2993,3035,3159,2707,2546,2486,1889,2339,1626,1792,2585,2616,2874,3187,3377,2911,2720,2447,1888,2556,1634,1895,2741,2715,3116,3556,3029,3308,2696,2424,2248,2604,1721,2016,2779,2662,3396,3655,3165,3295,2612,2553,2308,2881,1896,2112,2807,2940,3499,3520,3388,3286,2453,2497,2271,2520,1727,2139,2703,3061,3612,3284,3533,3278,2797,2821,2482,2936,1897,2432,3045,2427,2390,3628,4094,3661,3485,3334,3033,3337,2235,1926,2997,3238,3494,3891,3622,3473,3321,2906,2891,3091,2360
"Virginia Beach, VA",1384,1640,1747,1641,1797,1877,1649,1356,1349,920,1006,687,805,1161,1153,1350,1735,1801,1617,1491,1558,1656,1239,800,880,1267,1435,1524,1754,1299,1229,1065,941,1045,1039,856,733,1142,1214,1344,1405,1256,1355,1185,1144,1077,1236,913,1070,1265,1326,1629,1690,1628,1676,1315,1494,1318,1273,1189,1109,1515,1738,1828,1907,2177,1914,1651,1612,1382,1423,1027,1142,1362,1633,1897,2006,2111,1915,1697,1728,1393,1763,1162,1084,1997,1804,1972,2390,2498,2118,2028,1897,1584,1952,1273,1545,1958,2075,2433,2925,2427,2596,2265,1999,1908,2119,1466,1536,2153,2229,2788,2981,2494,2799,2280,2386,2059,2208,1596,1623,2371,2449,2941,3076,3004,3006,2198,2377,2021,2136,1734,1787,2383,2589,3112,3038,3294,3019,2545,2695,2353,2438,1896,1898,2597,2569,2607,3349,3723,3632,3542,3159,3104,3402,2239,2231,3324,3387,3430,4167,3869,3759,2581,1432,1204,1192,1450
"Nashville, TN",2092,2413,2480,2654,2745,2811,2548,2292,2084,1357,1515,1018,1151,1506,1669,1780,2304,2242,2060,2117,2150,2075,1828,980,1144,1881,2164,2182,2645,1706,1593,1575,1490,1424,1506,1072,1160,1533,1566,1897,2140,1953,2114,1845,1653,1711,1800,1359,1469,1898,2184,2553,2604,2788,2906,2220,2561,2256,2307,1835,1798,2524,3212,3481,3527,3935,3579,3075,3151,2735,2852,2170,2191,2932,3393,3614,4035,4136,3837,3825,3753,3022,3488,2402,2382,3615,3618,4149,4889,4843,4479,4313,3919,2900,3904,2657,2895,3860,4186,4653,5097,4609,4954,4481,4339,4075,4328,3226,3234,4660,4379,5184,5489,4880,5336,4557,4575,4120,4233,3223,3179,4351,4715,5026,5175,5001,5209,4182,4339,3710,3689,3006,3189,4166,4668,5419,5175,5444,5134,4693,4933,4317,4612,3493,3752,4791,4105,4081,5510,5776,5542,5462,5038,4335,5173,3280,3147,4648,4653,4621,5288,4863,4730,4321,3608,3595,3743,2748
"Providence, RI",683,879,960,1151,1231,1195,1058,932,1064,745,722,515,568,614,708,948,1166,1351,1184,1177,1226,1273,1045,619,609,909,1064,1153,1494,924,935,889,913,837,935,648,558,780,887,1004,1178,1088,1065,1017,884,914,1041,732,680,923,976,1114,1376,1209,1335,1080,1151,1302,1243,851,750,1024,1132,1533,1639,1634,1724,1357,1424,1235,1226,923,782,992,1200,1479,1680,1618,1555,1454,1559,1191,1405,911,795,1043,1128,1481,1906,1967,1777,1661,1712,1346,1576,1081,1060,1338,1518,1846,2266,1994,2042,1996,1776,1668,1769,1282,1005,1306,1397,1838,2389,2079,2197,2023,1995,1796,1763,1227,1074,1445,1552,1977,2311,2089,2275,1802,1948,1802,1459,1164,1093,1434,1559,2122,2163,2244,2173,1871,1987,1831,1869,1375,1234,1565,1423,1564,1887,2343,2273,2389,2408,2177,2391,1525,1277,1677,1691,1875,2351,2115,2091,1980,1718,1772,1791,1634
"Milwaukee, WI",644,878,1139,1204,1366,1630,1376,1229,1156,793,738,578,435,658,753,817,1204,1385,1450,1260,1219,1070,1172,605,475,855,1051,1310,1725,919,744,740,723,725,564,708,487,711,773,861,1184,1027,1162,945,868,797,690,703,605,809,1032,1341,1359,1351,1406,1229,1195,808,898,823,731,1062,1205,1402,1644,1753,1762,1352,1387,1268,949,819,693,894,1187,1437,1706,1916,1568,1544,1486,1026,1128,804,640,1155,1498,1551,2181,2321,1619,1649,1615,984,1270,884,871,1240,1543,1912,2262,2087,1985,1669,1514,1359,1230,909,791,1267,1496,1877,2271,1959,1994,1668,1619,1330,1259,904,787,1296,1479,1860,2007,2045,2094,1553,1648,1355,1222,896,983,1259,1279,1475,1585,1716,1625,1408,1422,1144,1034,948,757,1083,1286,1148,1494,1760,1741,1784,1697,1540,1612,1054,876,1256,1400,1568,2000,1819,1751,1622,1512,1303,1490,1206
"Jacksonville, FL",1078,1215,1256,1375,1493,1372,1152,1096,1127,794,956,731,616,833,843,836,1122,1190,1044,1040,1126,1093,1368,721,733,1000,1088,1025,1453,1186,1038,959,958,904,1041,847,805,1015,1090,1169,1274,1174,1398,1115,1097,1014,1234,876,987,1261,1239,1361,1423,1382,1418,1177,1318,1383,1571,1200,1138,1416,1700,1898,1939,1937,1926,1745,1726,1539,1906,1335,1223,1603,1821,1866,2056,2198,2020,1879,2017,1585,2194,1324,1415,2159,2262,2286,2722,2676,2348,2499,2248,1804,2364,1785,1907,2628,2594,2842,3319,2840,3118,2694,2342,2265,2721,2020,2151,2972,2862,3392,3519,3025,3470,2331,2637,2691,2957,2105,2135,2926,3204,3475,3408,3362,3214,2876,2975,2779,2817,2231,2324,2945,3407,3688,3675,3548,3482,3048,3048,2688,3431,2568,2691,3627,3170,2817,3791,4486,3983,4055,3985,3297,3894,2861,2863,3742,3722,3671,3838,3662,3530,3051,3007,3365,3338,2725
"Memphis, TN",1002,1197,1250,1236,1370,1381,1272,1141,1037,692,786,582,651,812,884,917,1004,1177,1040,1019,989,1003,953,598,597,954,1072,1137,1344,1005,851,813,791,704,752,573,571,804,796,926,1070,1034,1050,870,836,801,719,651,690,940,895,1117,1078,1167,1273,1033,1248,883,918,910,766,1049,1144,1277,1386,1488,1431,1186,1224,1010,1032,923,826,1106,1227,1309,1470,1516,1395,1417,1335,1048,1291,962,856,1276,1272,1461,1727,1857,1585,1502,1340,1107,1285,950,1099,1507,1525,1782,1930,1773,1742,1598,1555,1425,1563,1236,1087,1633,1565,1915,2031,1838,2084,1698,1642,1597,1453,1207,1171,1656,1777,2081,2114,1960,2071,1667,1843,1534,1449,1254,1306,1584,1777,1942,2054,2083,2018,1783,1813,1454,1627,1321,1308,1652,1616,1541,1899,2209,2053,1941,1961,1775,1905,1437,1166,1751,1731,1885,1934,,2040,1993,1718,1582,1721,1849
"Oklahoma City, OK",1076,1309,1727,1651,1727,1869,1693,1498,1521,1022,1108,692,883,1220,1250,1339,1592,1682,1540,1510,1514,1577,1227,660,808,1375,1666,1590,1739,1158,1112,997,982,964,1105,872,797,1231,1240,1369,1467,1407,1602,1351,1333,1211,1255,989,1187,1334,1525,1819,1849,1863,1841,1691,1831,1604,1597,1445,1310,1794,2013,2075,2125,2515,2505,2114,1959,1600,1672,1291,1325,1806,1942,2152,2302,2396,2213,1948,1983,1620,2001,1360,1360,1955,1886,2261,2279,2525,2226,2168,1832,1412,1563,1558,1447,1997,2094,2415,2326,2165,2345,2102,2001,1696,1851,1378,1387,2108,1925,2520,2518,2247,2445,2026,1839,1691,1850,1369,1339,1958,1891,2361,2360,2295,2526,2101,2230,1852,1818,1536,1619,2153,2269,2845,2489,2627,2664,2200,2403,1891,2026,1608,1700,2225,2030,2052,2882,3104,2833,2703,2308,2269,2375,1852,1658,2326,2638,2514,2951,2544,2576,2376,2239,2262,2264,1923
"Louisville-Jefferson County, KY",950,1066,1242,1294,1445,1421,1293,1190,1168,743,831,533,609,874,900,1029,1369,1427,1248,1304,1362,1324,1083,706,665,1030,1250,1345,1670,1020,942,892,850,858,881,672,637,859,971,940,1199,1062,1175,1023,928,932,986,755,819,1053,1144,1409,1348,1438,1384,1337,1388,1244,1190,1092,1011,1282,1508,1744,1737,1970,1871,1648,1536,1364,1287,966,960,1202,1453,1634,1819,1953,1844,1594,1534,1269,1470,1048,965,1377,1531,1757,2234,2182,1949,1957,1882,1258,1434,1264,1298,1788,1805,2062,2326,2044,2222,2044,1934,1866,1778,1302,1227,1969,1732,2075,2390,2075,2267,2022,1811,1787,1665,1390,1439,1758,2014,2297,2392,2292,2599,2107,2007,1768,1587,1454,1357,1721,1883,2193,2227,2393,2285,1972,2030,1756,1918,1325,1433,1827,1696,1641,2169,2493,2376,2062,2289,1964,2133,1493,1412,1754,1915,2002,2373,2183,2136,2034,2104,1877,1889,1758
"Hartford, CT",640,883,899,1062,1230,1208,1129,922,969,731,746,432,449,613,667,815,1170,1248,1147,954,1086,1175,901,508,499,810,959,1108,1500,780,835,729,673,726,700,505,457,663,669,851,1093,884,989,773,741,729,684,513,509,773,869,1006,1174,1159,1211,878,982,1004,948,732,545,813,957,1229,1258,1441,1357,1151,1156,995,1113,759,628,836,920,1113,1506,1510,1335,1229,1228,917,1128,684,651,850,933,1123,1628,1674,1545,1339,1287,999,1205,798,791,1029,1198,1401,1757,1527,1762,1378,1313,1195,1254,995,744,979,1128,1479,1801,1675,1713,1440,1360,1239,1168,890,756,1016,1173,1509,1775,1757,1742,1241,1422,1236,1199,850,725,1011,1268,1542,1828,1752,1740,1502,1491,1319,1421,1076,924,1244,1295,1442,1618,2087,2205,2003,2124,1772,1968,1275,1039,1406,1571,1689,2204,2118,2110,1735,1581,1646,1654,1455
"Richmond, VA",1151,1491,1486,1555,1709,1531,1445,1207,1088,802,909,630,660,865,843,1078,1522,1417,1317,1151,1237,1269,990,596,653,962,1140,1287,1622,917,951,822,808,791,880,633,609,937,846,1085,1252,1073,1185,986,866,870,948,750,724,937,1140,1411,1476,1315,1385,1021,1151,1092,1121,904,902,1157,1359,1724,1730,1769,1655,1307,1268,1235,1280,949,888,1162,1358,1576,1853,1747,1624,1491,1405,1211,1391,908,1032,1543,1614,1780,2323,2143,1903,1714,1673,1240,1625,1042,1149,1586,1774,2071,2508,2161,2281,1867,1672,1615,1744,1258,1246,1934,1952,2416,2803,2244,2469,2024,1965,1873,1980,1336,1359,1945,2013,2394,2752,2590,2571,1809,2090,1811,1756,1406,1414,2027,2030,2492,2660,2513,2429,2124,2210,1919,2134,1471,1560,2095,2018,2082,2458,2592,2450,2388,2514,2135,2439,1619,1574,2175,2308,2446,2782,2703,2652,2310,2005,1961,1952,1737
"New Orleans, LA",614,678,798,862,829,887,658,462,542,381,388,415,474,622,579,590,748,709,652,635,651,642,634,350,348,542,652,753,695,587,552,479,489,423,517,418,384,608,568,683,794,738,698,651,606,572,521,488,468,626,658,864,849,775,684,680,770,683,664,586,511,722,811,957,840,841,915,802,787,703,693,610,567,695,792,949,992,1008,965,918,916,761,819,681,612,901,935,1113,1116,1185,1173,1082,990,810,933,765,799,1003,1004,1188,1253,1138,1206,1028,1020,917,922,828,771,1106,1005,1229,1329,1203,1172,1010,1023,889,942,757,806,1014,1203,1362,1261,1308,1365,1031,1102,937,839,736,788,955,1058,1314,1233,1312,1190,1119,1211,925,893,853,819,1016,887,821,1233,1372,1269,1310,1156,1076,1177,902,908,1237,1316,1337,1539,1235,1091,723,,821,844,1057
"Buffalo, NY",541,610,805,829,1012,1141,1057,944,966,718,727,468,398,483,575,709,969,1214,1152,973,1104,1034,747,456,403,632,802,880,,,648,745,697,627,667,505,402,505,573,658,877,828,925,813,708,682,749,560,483,661,680,810,950,1024,933,919,826,762,694,670,515,660,722,911,1119,946,1231,1017,993,871,781,587,486,611,693,872,1027,1137,1131,1042,1087,731,938,604,496,698,732,857,1161,1394,1352,1209,1224,962,1027,730,700,741,859,1027,1220,1267,1418,1236,1262,1086,1052,838,738,864,828,1090,1240,1186,1456,1194,1339,1080,1119,863,754,722,888,1054,1208,1284,1360,1162,1309,1070,1079,723,632,763,844,1018,1036,1251,1350,1189,1215,1115,1037,876,632,651,733,687,710,911,1174,1313,1412,1261,1320,913,861,793,788,916,1110,1192,1241,1202,1221,1193,1310,1047
"Raleigh, NC",1686,1885,1877,2064,2120,1988,1813,1673,1528,1061,1184,730,896,1155,1229,1351,1660,1763,1582,1485,1592,1673,1304,815,916,1396,1732,1810,1927,1190,1107,1009,955,940,1101,734,792,1176,1258,1263,1505,1300,1394,1233,1121,1054,1120,856,1080,1346,1416,1657,1903,1622,1724,1496,1450,1386,1640,1177,1276,1823,2063,2433,2293,2374,2283,1930,1905,1740,1990,1354,1348,1846,2154,2479,2454,2504,2306,1882,2191,1766,2101,1387,1457,2180,2016,2506,2934,2822,2556,2449,2391,1846,2215,1539,1663,2413,2568,3033,3388,2827,2960,2813,2418,2284,2490,1701,1838,2941,2655,3001,3532,2746,3104,2670,2520,2546,2631,1789,1807,2683,2812,3082,3405,3193,3204,2438,2627,2580,2528,1747,2142,2788,2929,3407,3209,3269,3175,2656,2966,2684,3009,2115,2386,3016,2681,2730,3351,3635,3229,3205,3291,2897,3341,2282,2346,3075,3020,3082,3315,2683,2816,2428,2659,2566,,
"Birmingham, AL",782,888,1065,1026,1125,1104,994,1012,940,611,720,604,596,859,950,959,1119,1088,903,953,967,960,940,659,618,982,1104,1202,1229,891,834,739,655,648,770,589,634,861,798,841,1034,1006,1085,960,1082,823,1021,865,912,1143,1251,1507,1481,1480,1515,1349,1452,1363,1331,,,,,,,,,,,,,,,,,,,,,,,,,,,,,,,,,,,,,,1089,1545,1546,1910,1929,1672,1760,1680,1407,1481,1406,1118,1239,1757,1674,1971,2003,1774,1943,1625,1501,1459,1417,1065,1311,1730,1803,2140,2179,2038,2068,1617,1753,1530,1474,1125,1359,1737,1943,2082,2009,1897,1958,1725,1635,1451,1561,1304,1336,1703,1565,1619,2012,2273,2044,2112,1908,1836,1949,1485,1435,2053,2090,1967,2212,1910,2086,1906,1570,1491,1427,1400
"Salt Lake City, UT",773,952,1021,1123,1129,1055,1052,1053,853,598,670,425,569,736,837,1029,1238,1109,996,964,1081,1067,857,502,625,1024,1186,1221,1050,734,768,720,719,708,798,540,606,833,924,953,1057,996,1054,944,927,880,914,735,814,1069,1161,1269,1259,1265,1435,1160,1233,1156,1026,854,899,1188,1398,1652,1573,1569,1531,1268,1274,1095,1094,850,929,1178,1285,1539,1597,1518,1446,1321,1427,1073,1234,840,1074,1654,1590,1776,1940,1937,1710,1604,1500,1207,1469,1008,1089,1578,1661,1957,2070,1769,1926,1782,1609,1555,1468,1063,1078,1625,1632,1932,1976,1748,1847,1611,1758,1575,1474,1180,1218,1637,1566,1778,1873,1638,1796,1479,1502,1336,1227,948,1048,1309,1566,1863,1706,1797,1739,1500,1622,1371,1315,968,1126,1275,1149,1487,1868,2053,1817,1802,1818,1571,1572,1018,1060,1354,1533,1525,1798,1593,1607,1485,1490,1443,1334,1267
"Rochester, NY",676,771,981,1199,1298,1462,1380,1145,1096,843,873,521,472,686,776,952,1229,1372,1335,1103,1212,1107,947,528,531,858,1060,1222,,797,849,814,832,766,783,573,546,666,761,943,1163,1032,1162,918,870,799,847,605,623,760,831,1150,1239,1160,1311,904,1132,940,857,672,601,760,874,1134,1196,1405,1431,1055,1100,931,913,625,527,718,855,1067,1258,1454,1371,1146,1188,933,980,649,586,777,811,1086,1410,1628,1439,1310,1251,974,1072,725,728,888,1004,1310,1525,1451,1529,1284,1253,1125,1141,847,695,914,971,1303,1559,1418,1706,1351,1396,1187,1160,943,723,946,991,1268,1561,1485,1718,1152,1451,1178,1092,798,733,900,1035,1271,1286,1522,1661,1379,1359,1160,1165,834,691,811,861,885,927,1282,1441,1558,1521,1338,1394,935,715,897,881,1070,1353,1391,1434,1342,1258,1154,1134,747
"Grand Rapids, MI",518,732,772,858,943,922,881,890,792,557,474,425,356,537,517,640,740,942,1008,945,990,880,816,643,520,747,,,,872,673,737,702,610,639,593,495,677,740,806,934,938,1104,861,804,789,809,745,629,831,1050,1087,1137,1252,1177,1128,1276,1022,1020,1122,854,1068,1252,1421,1492,1683,1701,1650,1514,1159,1102,978,827,1015,1159,1475,1682,1935,1737,1786,1692,1257,1326,988,901,1235,1427,1621,2180,2097,2056,1946,1884,1436,1463,1312,1215,1510,1504,1901,2221,2050,2228,2412,1871,1711,1511,1451,1079,1663,1483,2007,2293,2017,2147,1955,2017,1532,1481,1367,971,1491,1519,2014,2098,2089,2162,1808,2005,1573,1350,1180,1191,1430,1623,2012,2048,2223,2133,1882,1964,1688,1648,1448,1297,1565,1331,953,1851,2384,2209,2263,2307,2007,1938,1443,1265,1562,1623,1731,2035,1914,1875,1724,1726,1621,1769,1302
"Tucson, AZ",855,1013,1049,1098,1091,958,899,921,823,602,710,491,625,733,723,815,1020,1053,820,803,918,922,767,611,653,1041,1119,1066,1113,649,709,680,607,619,756,584,689,884,878,900,903,797,810,806,730,836,829,711,827,1129,1081,1121,1164,1033,1101,909,1026,964,993,849,962,1317,1341,1500,1366,1301,1277,1144,1140,985,1057,868,990,1127,1324,1237,1297,1213,1195,1073,1134,944,1086,826,999,1312,1457,1449,1559,1503,1322,1339,1263,979,1290,1021,1175,1591,1629,1638,1773,1508,1528,1486,1393,1434,1485,1214,1348,1852,1669,1893,1851,1605,1699,1552,1537,1515,1405,1187,1393,1867,1881,2006,1929,1670,1709,1429,1564,1371,1386,1111,1320,1776,1976,2199,1856,1884,1819,1597,1648,1515,1649,1338,1476,1832,1555,1526,1891,2079,1716,1955,2123,1787,2144,1595,1738,2327,2290,2084,2295,1853,1706,1686,1629,1866,1837,1714
"Urban Honolulu, HI",680,842,,824,752,888,698,670,611,,537,512,374,456,478,498,624,620,608,651,729,,664,436,419,634,704,712,845,595,535,625,587,527,749,456,488,562,542,569,704,586,659,685,586,,636,463,453,537,575,634,659,692,762,615,778,734,831,550,533,764,641,732,772,812,952,791,748,777,778,644,538,679,763,823,787,817,842,789,932,796,829,885,593,741,878,870,845,902,782,850,819,631,846,635,708,788,889,,959,843,931,830,695,741,865,756,668,868,845,930,914,876,1051,987,983,972,906,673,578,862,911,918,993,873,1046,893,797,758,,634,610,759,803,876,806,978,945,922,929,872,889,688,579,705,578,508,611,786,764,868,810,730,907,674,687,892,988,898,,,,,,,837,
"Tulsa, OK",852,1032,1083,1186,1183,1345,1178,1172,1173,738,785,527,657,894,988,1039,1206,1343,1060,1272,1044,1128,925,516,584,902,1118,1160,1177,818,688,768,678,638,645,549,499,731,740,675,947,920,1004,896,772,793,852,668,735,959,957,1163,1123,1207,1176,995,1113,901,986,859,833,1072,1316,1315,1399,1455,1342,1182,1123,984,1024,839,803,1062,1175,1321,1400,1407,1352,1258,1208,975,1171,785,889,1257,1249,1417,1527,1592,1515,1247,1227,912,1025,882,995,1339,1440,1602,1602,1479,1568,1440,1241,1159,1160,853,1001,1432,1389,1759,1613,1446,1498,1331,1370,1213,1223,1018,1027,1401,1480,1678,1625,1662,1687,1397,1448,1349,1218,1003,1110,1506,1674,1857,1629,1764,1723,1592,1606,1314,1294,1092,1032,1398,1363,1358,1800,1989,1806,1863,1886,1526,1702,1223,1125,1594,1658,1753,1980,1762,1769,1733,1516,1521,1541,1525
"Fresno, CA",342,385,494,469,494,521,546,536,568,408,495,328,308,430,525,472,580,629,567,591,626,601,566,385,375,505,553,588,719,478,514,491,469,447,490,395,362,501,519,495,616,571,655,574,569,572,635,460,510,594,591,683,691,696,742,649,806,682,678,514,607,675,729,820,786,889,842,737,751,675,759,556,586,656,815,851,799,849,810,815,833,641,815,579,616,835,880,907,1061,958,929,949,897,671,897,670,705,916,940,981,1100,982,1106,981,934,844,966,683,687,941,963,1058,1219,1029,1219,1034,1041,976,960,721,793,1010,1027,1139,1181,1040,1153,896,980,910,935,704,650,939,990,1045,1009,1070,1044,925,980,853,988,693,735,852,818,769,1050,1079,1085,1034,1119,1003,1141,780,797,940,1096,1011,,,,,,,915,1032
"Worcester, MA",358,504,579,725,777,693,771,510,616,460,471,293,301,416,437,588,639,874,702,702,819,801,645,342,399,592,695,772,938,537,549,549,533,488,603,377,302,473,526,535,762,626,710,620,547,560,583,411,395,509,600,703,885,800,896,637,710,747,707,514,438,627,687,945,963,1112,1093,890,912,819,779,595,477,608,704,905,1036,1047,1082,891,951,736,854,536,477,620,680,918,1296,1402,1247,1090,1110,821,1038,698,685,788,892,1015,1609,1261,1442,1238,1097,1043,1078,804,650,804,858,1219,1561,1333,1431,1183,1166,1213,1087,823,594,824,961,1170,1525,1402,1467,1173,1229,1113,1033,773,691,829,997,1190,1372,1351,1469,1223,1351,1146,1150,904,773,954,996,1025,1214,1470,1488,1393,1551,1292,1441,910,726,938,974,1135,1492,1442,1383,1277,1166,1191,1264,887
"Stamford, CT",484,592,636,718,937,988,800,658,587,405,449,286,288,395,387,511,715,809,759,634,698,738,695,438,379,610,633,711,1140,844,802,611,593,572,669,463,392,515,600,743,1024,701,851,661,530,539,597,465,403,562,644,809,1017,995,980,713,679,694,791,560,471,661,867,1092,1213,1400,1229,859,925,835,923,622,512,639,779,955,1263,1210,1119,869,947,704,858,611,595,650,776,992,1304,1400,1115,1027,899,743,866,647,627,724,936,1019,1379,1181,1328,1029,929,812,936,745,637,852,844,1153,1486,1223,1295,967,1006,901,922,751,619,789,930,1076,1413,1317,1345,946,970,905,933,683,610,775,891,1195,1288,1368,1323,1021,1105,943,1095,897,724,906,916,1035,1192,1889,2076,1924,1951,1649,1661,1225,962,1300,1413,1326,1980,1834,1743,1345,1272,1238,1274,1276
"Albuquerque, NM",592,688,751,758,809,787,682,654,584,438,475,354,379,514,590,606,742,848,681,752,794,706,619,356,419,688,731,811,762,608,551,498,514,505,547,392,415,598,580,650,711,665,641,576,586,514,578,433,538,634,655,801,715,771,857,722,739,629,703,552,609,750,843,979,965,1030,947,803,799,614,709,596,566,768,754,850,875,900,884,761,806,627,738,553,605,901,899,973,1085,1165,1034,960,925,696,920,618,725,987,1081,1075,1207,1178,1156,1040,897,881,957,697,699,1121,1066,1302,1359,1152,1182,1075,1044,921,972,831,792,1161,1194,1303,1285,1230,1258,1057,1083,979,916,798,797,1083,1230,1419,1214,1319,1343,1143,1107,995,1051,881,902,1062,1056,1017,1244,1578,1356,1351,1363,1227,1266,969,966,1239,1232,1254,1400,1406,1350,1315,,1165,1069,1238
"Albany, NY",354,376,426,480,577,626,658,575,569,458,446,275,238,312,323,424,472,576,557,636,564,584,561,287,268,351,401,457,,443,414,353,379,385,359,290,247,330,329,380,467,421,518,426,409,379,407,358,301,313,398,460,486,497,609,465,527,488,386,407,305,394,404,490,540,626,661,569,574,462,517,398,318,334,425,450,525,644,621,577,591,430,559,409,320,411,449,523,654,722,729,690,661,580,613,462,381,508,552,594,808,728,766,724,659,652,624,497,382,509,515,634,834,760,795,683,682,684,662,517,381,550,595,666,767,773,822,696,697,618,532,428,356,433,470,523,563,645,693,605,610,549,503,437,354,375,330,413,373,602,626,686,658,691,728,541,418,453,423,392,494,,,,,,,
"Omaha, NE",584,751,845,992,1017,959,866,805,840,474,624,,,,,,,,,,,,,,,,,,,,,,,,,437,388,632,701,831,932,843,928,748,699,732,704,623,545,726,827,1216,1204,1201,1254,1045,1129,925,985,705,613,966,1099,1417,1551,1638,1520,1256,1417,1105,1096,845,759,1082,1263,1436,1696,1595,1521,1361,1261,996,1150,761,785,1209,1403,1625,1894,1827,1564,1423,1407,1075,1385,908,906,1321,1461,1596,1987,1634,1596,1484,1337,1320,1237,1017,766,1252,1318,1602,1819,1584,1679,1404,1328,1279,1287,966,866,1061,1237,1582,1784,1707,1773,1469,1630,1240,1093,912,908,1012,1134,1459,1485,1510,1600,1236,1286,1243,1102,802,812,1093,1120,1254,1612,1787,1525,1472,1618,1396,1338,867,808,1018,1196,1476,1716,1695,1431,,,1319,1192,1141
"New Haven, CT",426,534,577,718,825,752,708,549,615,472,428,294,247,360,418,489,682,792,726,616,694,717,596,340,323,503,549,636,930,523,483,442,451,424,481,334,303,382,417,541,658,531,562,518,410,431,501,394,314,446,487,591,674,674,723,568,542,552,640,427,378,459,580,674,811,868,849,668,693,635,608,411,384,494,544,670,811,847,757,695,706,590,648,411,386,524,588,681,991,967,901,838,787,585,741,528,505,629,621,788,1015,935,1044,809,842,714,815,600,478,670,673,960,1164,969,1067,808,847,752,760,618,512,622,813,938,1224,1098,1063,796,962,784,707,529,532,659,805,1036,1114,1184,1131,896,915,845,854,715,625,744,761,803,971,1353,1329,1341,1412,1235,1287,914,755,966,1025,1048,1363,1320,1298,1155,1028,1029,1031,1082
"Bakersfield, CA",408,445,514,558,580,559,532,588,525,357,426,348,333,460,439,462,520,601,556,549,645,,,,,,,,,,,,,,,,,,563,576,584,543,681,653,564,656,657,506,519,690,665,742,806,713,794,627,821,692,722,619,550,716,746,876,878,945,907,814,846,758,704,636,593,738,789,927,905,930,968,807,929,749,824,646,597,841,922,996,1037,1126,998,999,905,715,856,717,699,923,936,1010,1149,990,1070,1048,942,936,940,778,739,1070,937,1100,1188,1029,1135,984,1046,928,993,801,762,1055,977,1199,1201,1123,1152,940,1076,943,832,696,671,884,985,1042,967,1193,1239,1089,1050,817,792,747,709,881,791,734,1014,1242,1068,1214,1226,1100,1275,929,881,1193,1215,1150,1249,,1145,,,1018,931,1170
"Knoxville, TN",759,921,988,1098,1013,990,958,782,778,560,543,359,466,537,568,644,848,906,830,840,847,808,686,416,462,766,877,833,991,681,734,607,601,610,573,422,462,626,631,790,731,692,801,701,639,602,630,467,526,696,795,896,985,800,861,722,707,785,745,601,629,741,921,1083,1081,1129,1156,1045,973,901,817,602,630,963,979,1176,1229,1312,1170,1085,1086,871,1016,683,713,1139,1151,1335,1532,1519,1366,1336,1218,943,1188,795,1038,1230,1474,1597,1733,1573,1584,1447,1320,1214,1300,986,1038,1470,1432,1731,1783,1598,1700,1522,1572,1232,1370,1082,1110,1453,1642,1882,1890,1814,1864,1586,1672,1417,1359,1117,1080,1465,1630,1938,1802,1907,1806,1644,1663,1426,1596,1154,1186,1679,1453,1451,1902,2077,1909,1881,1868,1567,1743,1262,1237,1675,1624,1660,1899,1723,1863,1645,1424,,1355,1313
"Greenville, SC",838,1010,1099,1064,1083,1121,951,780,783,529,658,418,455,607,545,652,796,809,724,776,707,743,709,418,444,634,757,812,945,649,622,471,540,470,549,371,432,589,546,607,739,626,712,634,582,564,589,434,503,685,631,836,857,848,951,661,767,698,779,552,551,776,956,1064,989,1123,1145,993,945,842,826,631,627,887,936,1100,1205,1271,1011,1221,1092,832,1066,713,771,1129,1125,1277,1571,1383,1399,1277,1181,971,1156,763,846,1260,1328,1447,1651,1381,1441,1359,1296,1160,1294,898,953,1391,1332,1545,1666,1505,1636,1448,1371,1262,1382,952,1065,1321,1482,1727,1691,1661,1680,1359,1460,1294,1320,859,1174,1477,1578,1786,1629,1744,1738,1568,1542,1280,1511,1047,1169,1628,1351,1400,1884,1847,1750,1787,1779,1514,1647,1194,1193,1813,1722,1735,1938,1747,1756,1647,1425,1465,1662,1091
"Ventura, CA",319,374,508,475,485,553,576,452,471,407,440,313,304,478,500,605,633,626,572,585,622,548,661,374,441,579,589,660,714,562,540,516,481,445,518,387,414,499,505,503,585,549,590,581,531,455,569,414,411,616,617,774,750,692,811,691,716,725,743,458,516,742,756,796,788,866,858,730,767,622,723,504,457,595,758,791,807,832,838,682,756,609,742,520,501,787,943,890,987,1000,926,933,878,604,792,542,540,848,809,915,1062,945,968,805,811,737,794,601,520,871,816,933,1088,871,941,851,807,723,689,605,555,819,738,922,858,858,921,660,801,637,611,496,522,662,809,878,865,916,908,788,870,713,663,555,553,704,556,401,703,923,993,993,980,885,965,651,663,897,1014,937,1010,977,864,914,822,839,733,522
"Allentown, PA",575,753,768,812,866,856,885,772,749,584,597,423,325,442,533,577,813,843,795,746,768,870,761,343,329,587,636,754,957,666,555,488,535,518,585,357,319,420,442,532,601,603,667,591,582,548,625,416,359,459,618,618,685,736,820,580,696,655,629,513,459,565,695,807,796,1055,926,858,874,669,767,490,421,521,607,677,869,991,842,838,901,683,860,497,469,653,700,792,1069,1094,1124,937,960,780,811,607,576,708,778,993,1200,1071,1187,1044,1023,943,930,674,646,830,871,1120,1301,1245,1321,1053,1085,1029,946,725,584,815,980,1179,1301,1307,1445,991,1226,1011,954,731,702,851,1016,1251,1282,1332,1360,1157,1186,1105,1094,819,697,950,761,615,754,1368,1483,1433,1597,1392,1403,1056,761,1091,1047,1099,1384,,1395,1270,1346,1236,1276,1349
"El Paso, TX",357,390,444,434,482,478,462,455,450,352,397,333,339,450,417,432,494,518,524,517,555,526,552,314,344,502,557,610,,514,498,510,412,477,517,339,310,497,457,504,537,500,559,490,425,417,427,327,371,407,510,514,535,537,519,498,571,445,519,415,337,462,513,527,501,623,549,483,468,409,491,403,404,482,571,546,627,617,564,501,545,480,593,393,408,583,663,627,710,685,618,607,611,491,553,437,493,639,682,672,772,727,695,649,639,580,626,571,543,674,692,812,811,731,784,682,734,683,646,532,569,723,822,896,892,942,898,695,730,670,710,609,545,756,812,978,780,869,856,725,811,655,774,685,602,730,687,673,858,926,884,755,730,686,835,645,628,731,792,703,,,,,,,,
"Baton Rouge, LA",699,873,889,929,956,985,863,494,659,509,579,444,558,692,668,682,830,842,746,772,656,698,636,437,489,701,789,854,847,631,577,539,536,448,505,427,440,589,568,652,735,651,728,604,563,463,486,423,502,601,632,768,866,734,698,731,721,622,602,525,572,763,871,901,884,981,1039,778,768,627,681,559,639,738,843,1010,1008,997,882,896,787,679,793,625,700,895,941,1010,1068,1130,1034,1086,897,718,868,672,729,1036,960,1180,1225,1116,932,1097,1191,1067,1032,903,885,1183,1078,1262,1356,1274,1197,1068,1075,958,942,722,790,1094,1083,1220,1150,1302,1137,976,961,813,734,710,802,948,1096,1228,1130,1228,1166,986,1064,858,960,800,813,1070,991,919,1358,1492,1301,1300,1266,1178,1206,914,1007,1355,1259,1435,1510,1440,1188,,1043,1047,1135,1136
"Dayton, OH",332,369,447,477,614,569,493,433,400,262,292,186,194,247,317,327,519,531,488,485,530,476,438,233,193,390,473,547,533,378,361,348,294,296,327,233,219,271,283,358,349,368,388,358,332,290,348,250,256,362,378,575,533,557,592,494,560,450,477,435,366,493,570,639,667,795,796,630,637,529,481,429,368,493,599,725,845,892,744,689,761,528,664,443,529,600,763,829,1059,1211,1043,841,1077,626,741,553,544,764,882,1041,1179,1115,1145,1073,984,805,871,655,621,890,1009,1206,1282,1237,1174,1059,1122,907,871,770,621,955,1134,1118,1276,1268,1229,903,1075,919,893,620,604,781,960,1180,1124,1210,1118,1016,1061,907,882,783,641,796,765,802,1000,1100,1184,1148,1175,1062,1064,898,1012,1032,822,955,1104,1084,1069,1342,1045,923,1356,1099
"McAllen, TX",,,,,,,,,,,,,,,,,,,,,,,,,,,,,,,,,,,,,,,,,,,,,,,,,,,,,,,,,,,,,,,,,,,,,,,,,,,,,,,,,,,,,,,,,,,,,,,,,,,,,,,,,,,,,,,,,,,,,,,,205,216,256,277,295,284,255,305,258,259,211,238,223,235,289,333,361,318,299,295,291,317,293,283,299,262,321,255,259,356,371,373,369,374,300,347,309,247,377,366,378,,,410,376,,,,
"Columbia, SC",719,849,920,940,1022,1093,842,771,724,522,553,366,420,594,547,600,798,819,790,770,783,794,726,381,424,612,714,808,928,678,541,512,487,478,574,334,334,549,439,599,632,548,607,526,481,483,551,435,425,551,518,563,629,679,745,582,626,540,607,482,498,669,678,889,874,925,927,765,758,602,725,507,515,763,815,863,981,997,908,917,844,670,866,606,692,903,932,1048,1222,1231,1135,933,883,721,881,753,807,1054,1108,1322,1445,1346,1336,1188,1112,965,1003,857,847,1245,1199,1365,1523,1432,1419,1277,1140,1001,1181,831,915,1322,1289,1511,1572,1442,1564,1125,1195,1040,1183,852,982,1230,1341,1574,1550,1594,1532,1249,1315,1104,1272,960,993,1301,1049,1072,1644,1616,1496,1412,1498,1240,1624,952,994,1527,1336,1465,1760,1671,1611,1549,1391,1325,1395,1264
"Greensboro, NC",732,743,731,841,848,828,739,660,598,397,489,319,375,445,461,537,590,636,585,562,634,611,505,319,332,544,635,668,,471,431,401,346,380,471,305,301,459,493,516,575,548,585,500,444,411,466,370,399,551,535,575,611,576,567,540,562,573,497,434,485,666,740,750,770,736,749,649,679,535,593,447,471,548,609,751,821,802,749,685,776,612,701,506,513,695,698,788,877,1010,884,774,831,620,769,502,566,843,900,970,1074,939,997,869,836,841,852,664,693,978,896,1035,1183,1024,1114,999,891,843,870,619,689,921,987,1136,1245,1065,1164,910,946,868,810,706,759,939,1020,1168,1038,1139,1112,933,1043,839,916,744,777,951,854,859,1103,1258,1113,1106,1177,943,1048,806,842,1049,1005,601,672,612,,,,,,
"Akron, OH",248,290,344,363,467,436,389,395,362,229,246,156,171,223,266,299,372,409,379,380,399,400,320,184,213,313,407,450,477,284,315,283,272,245,255,150,140,260,245,292,341,321,407,346,284,279,290,222,241,332,358,450,486,449,556,411,507,437,427,303,267,427,437,562,594,690,634,534,546,414,465,301,324,414,472,615,675,708,650,666,637,488,551,345,360,510,569,692,830,861,783,700,649,483,612,433,438,639,685,775,937,883,872,813,726,651,637,461,483,661,703,907,1083,796,951,793,783,718,675,494,490,737,787,1013,944,982,989,761,856,750,665,477,498,627,789,905,945,950,959,787,809,612,614,463,492,590,625,646,777,1027,936,936,976,814,817,523,497,688,729,776,944,940,,,,,,
"North Port-Sarasota-Bradenton, FL",750,935,1018,1096,1015,936,805,755,765,624,851,556,630,915,908,889,1066,1076,978,995,1087,1027,1337,825,943,1361,1380,1246,1427,1001,912,881,851,892,1225,916,1001,1448,1501,1439,1408,1185,1215,1073,1081,1070,1379,1029,1203,1553,1641,1751,1537,1420,1385,1159,1430,1347,1559,1306,1310,1763,2052,2029,1757,1827,1793,1584,1585,1485,1773,1340,1367,1791,2098,1930,1920,1818,1674,1665,1842,1403,1885,1390,1464,2213,2199,2229,2288,2233,1975,1889,1869,1599,2060,1481,1603,2169,2353,2362,2512,2036,2122,1961,1790,1803,2103,1538,1669,2480,2334,2618,2414,2083,2273,1722,1870,1887,2190,1804,1813,2467,2793,2861,2604,2311,2497,1876,2056,2021,2005,1543,1799,2439,2619,2874,2453,2405,2309,2047,2238,2093,2516,1802,2015,2662,2042,1611,2180,2702,2706,2657,2742,2542,3103,2173,2362,3758,3557,3129,3233,2623,2459,2299,2251,2301,2529,2315
"Little Rock, AR",717,840,832,956,871,965,901,798,772,518,569,409,514,619,727,714,1040,1054,848,858,989,889,903,467,642,872,1148,1188,1249,806,841,766,754,704,762,564,591,860,873,964,1053,978,1095,986,887,855,917,772,913,1072,1075,1404,1478,1446,1633,1283,1455,1338,1228,1424,1441,,,,,,,,,,,,,,,,,,,,,,,,,,,,,,,,,,,,1730,1704,1357,1501,1403,1045,1111,1059,1246,1299,1403,1124,1106,1567,1450,1500,1589,1277,1202,1110,1072,1018,963,701,756,1030,1113,1330,1230,1241,1240,942,1039,916,883,671,850,1008,1092,1244,1149,1264,1200,1107,1103,879,955,764,851,1082,1033,1053,1328,1460,1343,1312,1352,1154,1160,860,769,1154,1129,1274,1442,1342,1287,1264,,1128,1036,1197
"Stockton, CA",227,269,364,438,467,479,504,435,416,342,387,283,258,337,367,364,429,479,425,439,542,459,497,386,388,509,506,564,657,477,499,487,451,455,506,336,355,505,479,489,537,485,551,510,511,553,527,435,455,609,524,576,620,562,717,568,701,605,661,451,553,620,691,742,631,733,750,697,700,610,617,477,461,541,597,674,660,652,634,631,700,534,668,485,511,689,673,830,920,874,835,853,849,568,868,604,573,816,774,840,889,853,878,825,818,810,841,595,563,845,821,914,1044,808,988,928,925,815,856,593,583,820,727,870,878,732,897,705,826,721,727,522,573,744,767,881,781,847,866,736,891,737,805,630,568,708,626,534,795,970,925,945,1015,870,1024,680,678,894,948,875,920,838,,868,866,779,773,922
"Charleston, SC",793,959,975,973,1065,1082,889,827,761,564,643,424,405,580,522,626,772,807,800,766,774,804,822,441,439,710,728,851,1085,748,648,622,610,596,614,465,441,687,645,763,816,764,866,746,651,623,737,545,553,773,802,991,931,978,1076,787,936,795,867,743,638,884,1042,1197,1204,1345,1326,1149,1170,959,1048,821,812,1072,1131,1308,1426,1398,1392,1278,1298,1036,1277,879,903,1417,1463,1507,1834,1796,1453,1577,1421,1091,1453,1122,1076,1491,1497,1778,2132,1766,1982,1591,1522,1363,1603,1278,1350,1838,1594,1950,2139,1852,1916,1556,1503,1508,1641,1309,1171,1756,1705,1987,2141,1952,1980,1352,1704,1332,1492,1273,1381,1734,1770,2020,2112,2199,1937,1531,1807,1579,1806,1386,1355,1752,1541,1537,1973,2355,2079,2115,2259,1715,1991,1605,1581,2165,2010,2291,2411,2168,2121,2031,2052,1594,1630,1323
"Syracuse, NY",400,420,502,591,728,817,719,631,623,492,416,267,268,352,412,471,615,756,747,648,690,651,558,301,315,412,520,601,,504,535,435,469,467,476,309,262,346,379,470,627,594,685,573,540,462,559,381,313,372,425,606,681,708,771,542,652,569,519,404,294,426,480,570,633,826,758,649,698,500,499,400,316,387,457,532,722,722,743,668,728,527,585,373,339,444,487,519,699,908,800,778,729,565,611,442,395,486,491,630,750,771,923,807,809,665,633,494,441,500,516,738,899,854,1046,824,784,617,701,521,395,465,546,700,754,801,943,751,932,664,590,497,401,451,521,617,762,857,872,785,857,682,672,486,361,448,476,539,562,682,891,856,923,821,978,572,530,562,632,582,,,941,729,,,630,814
"Colorado Springs, CO",542,822,803,787,965,1028,774,713,736,454,509,333,393,516,599,597,886,966,825,778,779,824,722,369,516,731,702,938,1028,757,722,586,572,617,633,407,361,617,673,681,850,749,806,701,655,601,660,451,458,621,750,899,907,1015,898,760,895,799,813,680,691,892,998,1217,1212,1408,1239,1038,1065,868,802,626,685,908,1067,1263,1363,1512,1331,1241,1178,899,1149,698,774,1232,1334,1584,1788,1820,1644,1519,1405,1097,1417,961,1116,1487,1616,1899,2211,1886,1931,1799,1619,1538,1610,998,842,1269,1219,1687,2284,2048,2132,1843,1834,1539,1509,1223,1218,1663,1672,1997,2099,1906,2007,1544,1722,1417,1373,1134,1235,1485,1702,1908,1963,2016,1952,1787,1757,1441,1578,1162,1255,1595,1530,1425,2084,2332,2081,2120,2067,1664,1592,1070,1136,1588,1730,1698,1997,1939,1924,1753,1719,1619,1418,1156
"Winston-Salem, NC",540,603,618,710,717,654,620,566,474,381,378,279,318,308,389,453,543,508,494,483,538,487,408,257,299,431,563,584,645,393,363,387,359,322,381,308,253,410,428,500,519,496,499,459,400,385,429,310,394,430,445,556,521,509,528,464,474,441,466,400,385,566,623,721,669,705,671,546,599,491,470,416,416,492,581,706,702,683,703,573,684,491,645,417,458,625,661,762,824,860,747,735,687,535,633,468,514,672,773,866,1016,868,901,798,716,705,840,592,610,843,872,1033,1078,849,1042,882,966,781,802,647,629,888,926,1127,1179,1011,1114,843,925,883,838,651,656,856,935,1125,1127,1071,1060,850,992,818,839,734,720,941,954,908,1067,1153,1080,1010,1092,939,1089,752,795,1024,981,553,568,,,,,,,
"Wichita, KS",,,,,,,,,,,,,,,,,,,,,,,,,,,,,,,,,,,,,,,,,,,,,,,,,,,,,,,,,,,,,128,,235,279,293,295,323,281,282,242,211,172,211,243,307,394,343,380,327,302,305,231,293,191,187,311,304,362,457,444,397,408,372,237,372,234,246,404,414,484,501,485,541,426,387,333,367,292,272,387,368,501,509,460,437,437,416,419,398,300,262,448,432,580,545,499,452,398,420,329,324,230,297,353,421,474,437,441,416,333,329,322,326,259,271,317,304,310,429,472,398,361,379,296,304,282,177,247,280,301,,,,,,,,
"Springfield, MA",275,327,356,433,529,474,507,399,447,246,335,155,173,267,310,335,517,488,544,440,521,525,355,242,207,346,454,436,,346,315,334,310,297,373,269,169,260,265,372,423,453,485,374,325,372,332,235,202,325,345,445,515,451,526,395,443,419,390,284,241,341,353,495,545,583,617,488,470,426,429,280,242,274,389,482,601,563,623,529,533,421,461,303,240,328,385,509,681,745,658,615,559,408,516,405,339,449,479,587,781,676,756,660,512,542,602,430,283,486,466,583,798,740,792,666,623,573,549,438,344,419,468,634,817,813,797,578,601,604,540,396,331,438,581,660,769,767,770,677,671,560,632,435,356,473,469,548,622,812,754,776,757,678,814,493,445,560,581,568,777,748,762,758,710,685,703,497
"Fort Myers, FL",824,967,1351,1290,1108,1097,905,871,905,666,956,622,781,1077,1196,1215,1341,1250,1128,1162,1207,1143,1456,1099,1134,1720,1671,1579,1420,1180,975,1030,1001,998,1201,1158,1233,1844,1708,1687,1626,1260,1311,1158,1088,1114,1224,1147,1336,1710,1869,1757,1601,1357,1272,1151,1302,1232,1390,1360,1321,1863,2082,2052,1790,1734,1604,1410,1533,1384,1537,1423,1386,1841,2304,2174,1994,1813,1608,1592,1758,1545,2037,1481,1639,2299,2457,2366,2414,2134,1869,1916,1943,1600,2073,1623,1496,2264,2445,2372,2277,1857,2026,1723,1802,1827,1910,1623,1665,2553,2353,2544,2431,1957,2171,1334,1698,1578,1934,1745,1631,2466,2690,2794,2328,2198,2224,1744,1725,1846,1744,1470,1887,2169,2549,2668,2489,2335,2088,1880,1983,1719,2194,1977,1828,2617,2064,1473,2021,2377,2597,2506,2929,2540,3034,2528,2640,4306,4228,3842,3966,3295,2819,2632,2643,2671,2933,3195
"Boise City, ID",578,691,702,760,797,771,750,747,577,451,472,370,410,551,618,724,845,847,785,852,912,876,592,427,555,821,987,977,994,622,716,771,713,717,778,553,656,845,893,883,997,892,961,859,864,746,765,641,717,831,983,939,1051,973,1107,888,1008,885,798,602,738,898,1074,1340,1279,1350,1313,1076,1018,868,924,717,698,962,1115,1281,1284,1388,1215,1148,1141,863,955,732,838,1149,1336,1440,1610,1575,1388,1385,1279,1018,1228,839,947,1322,1494,1639,1876,1642,1718,1604,1424,1467,1310,887,899,1349,1444,1717,1990,1722,1919,1751,1599,1434,1340,1010,1113,1478,1530,1931,1946,1815,1891,1406,1569,1341,1066,902,1035,1236,1503,1770,1655,1657,1592,1355,1428,1217,1214,1068,1136,1533,1365,1269,1716,1994,1820,1722,1689,1345,1215,835,798,1245,1358,1350,1523,1537,1388,1521,1466,1361,1361,1377
"Toledo, OH",172,207,232,269,281,301,299,280,228,174,169,101,122,135,180,193,254,269,267,273,285,271,233,129,127,214,242,307,320,208,201,167,194,178,198,149,120,173,194,215,244,259,251,245,224,214,234,148,153,208,209,314,336,336,371,280,368,313,285,254,244,250,289,382,433,415,410,367,417,346,341,232,201,282,369,445,564,494,489,473,466,350,353,273,289,324,427,462,557,558,499,481,444,323,472,279,303,418,462,565,586,567,560,606,557,423,514,325,335,482,455,578,662,604,670,522,532,476,442,345,328,448,487,644,679,609,711,477,593,411,402,276,300,373,463,614,593,568,534,429,494,405,451,324,285,390,369,366,524,562,601,596,581,482,534,375,312,475,467,555,,,,,,,,
"Madison, WI",310,452,589,718,873,901,688,547,449,302,319,199,211,329,461,556,760,1015,826,603,585,592,399,243,278,480,669,778,1055,494,470,352,307,352,340,331,227,354,442,608,712,650,599,419,383,384,344,325,312,414,529,719,913,845,829,553,638,462,467,430,381,537,794,938,1062,1281,1107,806,734,607,544,435,377,570,719,866,1185,1142,810,801,748,539,641,424,403,748,894,1101,1399,1359,1022,854,828,634,597,519,437,756,916,1129,1460,1193,1139,838,742,676,739,500,446,762,820,1118,1436,1210,1195,964,855,738,670,560,478,744,911,1046,1286,1246,1123,844,863,708,630,386,529,642,751,1009,1133,1192,1022,761,729,711,646,495,452,678,763,803,1046,1055,1077,1071,971,902,817,570,463,718,836,968,1227,1141,1031,914,,767,,769
"Lakeland, FL",452,576,563,521,578,529,450,449,447,334,446,249,262,393,366,388,445,435,429,416,467,431,503,351,352,482,488,470,561,459,402,423,318,397,401,354,390,504,497,459,560,496,547,459,488,521,538,406,433,616,590,625,578,566,629,477,564,526,561,463,477,691,777,668,672,683,717,663,673,553,747,544,549,665,775,801,727,757,699,683,782,631,755,582,596,927,956,899,921,920,906,899,902,717,944,677,834,962,1007,1049,1183,1061,1200,943,952,953,1111,810,842,1204,1030,1268,1282,1214,1292,853,1123,1099,1183,1020,886,1132,1370,1506,1452,1293,1457,1145,1350,1164,1195,1078,1002,1364,1559,1669,1458,1538,1579,1398,1463,1286,1508,1169,1088,1301,1079,859,1303,1436,1382,1491,1500,1175,1602,1089,1147,1548,1721,1433,1563,,1409,1400,1275,,1572,1473
"Ogden, UT",518,599,655,706,631,699,626,565,533,390,455,319,353,433,483,546,692,692,536,590,644,594,455,294,338,599,667,650,587,471,432,408,412,382,411,325,317,471,472,502,512,515,498,494,491,460,487,325,438,568,579,649,707,631,760,591,700,612,605,452,478,669,789,883,804,865,842,626,685,562,598,473,493,658,722,851,831,868,885,831,751,651,687,476,619,892,932,950,1067,1054,941,960,810,649,809,583,602,887,1010,1073,1131,970,1107,1032,935,826,913,567,620,880,858,1084,1084,1009,1130,1028,991,794,814,649,739,907,876,1020,1043,975,1056,763,862,833,673,563,638,822,827,1072,1019,1068,1044,855,955,811,803,638,663,773,805,927,1109,1201,1084,1061,1000,900,820,553,616,702,854,844,904,,,,,,,910
"Daytona Beach, FL",499,584,608,672,606,628,570,604,546,429,489,309,379,491,505,558,589,729,644,659,601,678,767,426,490,665,688,707,786,687,598,567,577,564,707,498,475,707,777,766,836,723,798,667,708,664,832,551,684,801,863,976,878,858,928,730,954,825,928,719,776,946,1173,1197,1023,1222,1198,1000,1025,926,1039,769,802,970,1125,1153,1156,1183,1153,1106,1108,937,1217,793,954,1184,1327,1285,1484,1335,1279,1313,1222,1024,1417,946,1007,1424,1406,1497,1765,1471,1597,1346,1208,1211,1361,1036,1194,1668,1522,1756,1774,1582,1606,1119,1409,1307,1521,1117,1193,1584,1691,1912,1832,1591,1835,1446,1555,1295,1472,1058,1118,1516,1701,1914,1572,1717,1617,1374,1421,1318,1697,1184,1195,1631,1316,1130,1694,1939,1882,1864,1791,1651,1957,1385,1512,2086,1993,1958,2058,1812,1735,1703,1671,1623,1907,1668
"Des Moines, IA",559,612,795,833,948,930,838,868,679,515,512,282,368,503,553,714,852,954,860,912,924,915,544,318,387,618,848,1017,,542,599,581,515,535,544,381,381,562,620,701,852,778,760,751,687,588,686,447,477,697,785,970,1013,943,994,770,935,770,809,607,610,874,970,1152,1268,1313,1263,1046,1035,860,857,543,555,809,925,1200,1341,1249,1169,1065,1104,856,974,610,631,978,1162,1450,1631,1600,1355,1211,1183,946,1045,770,806,1082,1261,1491,1818,1501,1440,1235,1264,1166,1129,855,778,1243,1293,1602,1803,1546,1497,1265,1325,1147,1145,777,752,1111,1295,1588,1656,1583,1588,1113,1258,1189,1048,714,716,920,1166,1468,1512,1442,1406,1235,1261,1057,1123,833,786,1066,1180,1285,1762,1853,1790,1610,1633,1356,1393,918,854,1271,1307,1505,1764,1592,1569,1353,1334,1174,1082,1205
"Provo, UT",293,357,382,409,404,461,460,401,354,262,317,191,251,358,388,403,559,561,493,476,465,465,423,248,296,461,548,491,470,354,392,390,349,358,364,319,333,431,456,463,546,443,522,454,447,420,483,315,379,459,506,576,548,535,594,553,534,497,476,395,401,511,585,711,689,685,711,619,516,468,500,396,438,558,610,676,639,722,767,616,665,565,560,389,533,699,790,754,952,913,888,749,717,506,644,482,513,760,733,854,921,862,948,882,696,713,710,510,527,728,727,875,972,794,1025,881,797,705,670,533,596,671,705,803,878,821,845,643,676,616,568,481,477,646,743,856,819,904,933,738,764,634,661,467,575,763,658,743,1017,1059,970,949,919,753,717,470,530,665,865,798,,,,,,,794,
"Durham, NC",450,582,609,785,864,770,665,551,448,310,395,253,304,360,400,588,714,690,546,527,537,532,445,269,271,439,560,694,869,466,396,386,375,304,403,298,265,378,455,498,600,513,541,455,362,363,386,299,341,458,511,732,732,644,598,467,484,465,465,395,385,585,674,929,958,874,751,587,663,499,625,474,436,571,685,888,947,920,810,666,712,523,609,479,430,782,661,939,1089,1003,822,802,700,603,752,575,611,814,911,1042,1284,1053,1027,865,786,834,901,606,611,983,938,1310,1250,1034,1060,864,867,847,892,634,697,1007,1021,1259,1270,1189,1130,803,863,896,892,622,725,948,981,1245,1232,1168,1140,951,992,960,1055,739,789,862,977,794,1069,1101,994,969,962,850,876,681,640,851,962,955,1227,1068,997,890,898,898,908,968
"Fort Collins, CO",247,361,418,488,529,501,505,419,431,252,248,166,188,253,298,342,487,539,491,393,418,384,340,187,203,361,424,503,613,454,362,346,318,281,306,229,199,321,327,458,461,470,502,381,346,315,325,247,208,372,423,505,582,628,663,521,573,463,456,441,388,552,603,808,805,872,859,657,584,477,532,364,359,514,626,745,847,886,800,763,734,513,609,434,402,655,697,693,935,891,829,769,697,513,684,430,424,705,677,767,806,868,806,716,738,583,652,436,442,705,726,878,912,811,855,768,694,647,600,469,422,598,663,851,914,882,808,635,635,565,558,382,444,623,705,845,768,828,814,662,674,587,679,461,519,739,637,508,973,1088,980,952,935,700,723,525,564,834,880,948,1031,973,,,,,666,794